(None, (False, False, False))
(None, (False, False, False))
(None, (False, False, False))
(None, (False, False, False))
(None, (False, False, False))
(None, (False, False, False))
(None, (False, False, False))
(None, (False, False, False))
((26, 35, 69, 181, 143, 50, 66, 27), (False, False, False))
((26, 35, 69, 181, 143, 50, 66, 27), (False, False, False))
((28, 37, 55, 204, 140, 45, 52, 27), (False, False, False))
((28, 37, 55, 204, 140, 45, 52, 27), (False, False, False))
((29, 40, 60, 204, 142, 65, 37, 26), (False, False, False))
((29, 40, 60, 204, 142, 65, 37, 26), (False, False, False))
((29, 41, 56, 180, 134, 64, 33, 24), (True, False, False))
((29, 41, 56, 180, 134, 64, 33, 24), (True, False, False))
((29, 45, 68, 199, 131, 67, 33, 27), (True, False, False))
((29, 45, 68, 199, 131, 67, 33, 27), (True, False, False))
((36, 50, 73, 206, 138, 67, 35, 29), (True, False, False))
((36, 50, 73, 206, 138, 67, 35, 29), (True, False, False))
((35, 48, 76, 163, 122, 66, 34, 31), (True, False, False))
((35, 48, 76, 163, 122, 66, 34, 31), (True, False, False))
((35, 49, 79, 190, 180, 52, 33, 31), (True, False, False))
((35, 49, 79, 190, 180, 52, 33, 31), (True, False, False))
((36, 50, 81, 237, 183, 60, 36, 32), (True, False, False))
((36, 50, 81, 237, 183, 60, 36, 32), (True, False, False))
((39, 48, 73, 226, 188, 60, 35, 31), (True, False, False))
((39, 48, 73, 226, 188, 60, 35, 31), (False, False, False))
((33, 39, 65, 214, 208, 63, 33, 29), (False, False, False))
((33, 39, 65, 214, 208, 63, 33, 29), (False, False, True))
((32, 41, 65, 224, 221, 66, 33, 26), (False, False, True))
((32, 41, 65, 224, 221, 66, 33, 26), (False, False, True))
((29, 38, 54, 198, 172, 60, 30, 27), (False, False, True))
((29, 38, 54, 198, 172, 60, 30, 27), (False, False, True))
((27, 34, 55, 147, 169, 56, 27, 26), (False, False, True))
((27, 34, 55, 147, 169, 56, 27, 26), (False, False, False))
((23, 29, 52, 185, 155, 52, 26, 24), (False, False, False))
((23, 29, 52, 185, 155, 52, 26, 24), (False, False, False))
((24, 33, 61, 255, 160, 59, 27, 27), (False, False, False))
((24, 33, 61, 255, 160, 59, 27, 27), (False, False, False))
((26, 35, 66, 281, 154, 58, 27, 27), (False, False, False))
((26, 35, 66, 281, 154, 58, 27, 27), (False, False, False))
((25, 36, 68, 312, 152, 56, 28, 28), (False, False, False))
((25, 36, 68, 312, 152, 56, 28, 28), (False, False, False))
((28, 39, 63, 314, 154, 51, 28, 26), (False, False, False))
((28, 39, 63, 314, 154, 51, 28, 26), (False, False, False))
((29, 42, 69, 308, 272, 59, 32, 33), (False, False, False))
((29, 42, 69, 308, 272, 59, 32, 33), (False, False, False))
((42, 64, 85, 337, 338, 89, 62, 97), (False, False, False))
((42, 64, 85, 337, 338, 89, 62, 97), (False, False, False))
((91, 104, 85, 332, 357, 97, 96, 110), (False, False, False))
((91, 104, 85, 332, 357, 97, 96, 110), (False, False, True))
((100, 112, 89, 309, 367, 107, 115, 114), (False, False, True))
((100, 112, 89, 309, 367, 107, 115, 114), (False, False, True))
((104, 113, 91, 328, 383, 120, 122, 119), (False, False, True))
((104, 113, 91, 328, 383, 120, 122, 119), (False, False, True))
((114, 133, 108, 322, 394, 124, 134, 132), (False, False, True))
((114, 133, 108, 322, 394, 124, 134, 132), (False, False, True))
((119, 144, 96, 299, 335, 114, 129, 129), (False, False, True))
((119, 144, 96, 299, 335, 114, 129, 129), (False, False, False))
((91, 123, 93, 297, 336, 111, 112, 124), (False, False, False))
((91, 123, 93, 297, 336, 111, 112, 124), (False, False, False))
((84, 116, 86, 298, 339, 106, 95, 123), (False, False, False))
((84, 116, 86, 298, 339, 106, 95, 123), (False, False, False))
((83, 116, 91, 283, 323, 107, 190, 122), (False, False, False))
((83, 116, 91, 283, 323, 107, 190, 122), (False, False, False))
((74, 103, 90, 374, 347, 130, 209, 107), (False, False, False))
((74, 103, 90, 374, 347, 130, 209, 107), (False, False, False))
((63, 78, 92, 332, 340, 128, 209, 69), (True, False, False))
((63, 78, 92, 332, 340, 128, 209, 69), (True, False, False))
((61, 71, 93, 338, 323, 129, 213, 58), (True, False, False))
((61, 71, 93, 338, 323, 129, 213, 58), (True, False, False))
((60, 72, 108, 425, 432, 140, 215, 55), (True, False, False))
((60, 72, 108, 425, 432, 140, 215, 55), (True, False, False))
((60, 75, 108, 434, 453, 135, 136, 56), (True, False, False))
((60, 75, 108, 434, 453, 135, 136, 56), (True, False, False))
((54, 60, 90, 361, 416, 118, 103, 65), (True, False, False))
((54, 60, 90, 361, 416, 118, 103, 65), (True, False, False))
((50, 51, 80, 361, 417, 114, 121, 65), (True, False, False))
((50, 51, 80, 361, 417, 114, 121, 65), (True, False, False))
((47, 51, 83, 340, 425, 123, 149, 71), (True, False, False))
((47, 51, 83, 340, 425, 123, 149, 71), (True, False, False))
((48, 55, 67, 253, 364, 121, 190, 76), (True, False, False))
((48, 55, 67, 253, 364, 121, 190, 76), (True, False, False))
((64, 70, 67, 293, 356, 206, 271, 90), (True, False, False))
((64, 70, 67, 293, 356, 206, 271, 90), (True, False, False))
((107, 117, 85, 284, 342, 326, 393, 123), (True, False, False))
((107, 117, 85, 284, 342, 326, 393, 123), (True, False, False))
((185, 145, 113, 299, 391, 421, 554, 160), (True, False, False))
((185, 145, 113, 299, 391, 421, 554, 160), (True, False, False))
((201, 157, 132, 319, 422, 540, 703, 233), (True, False, False))
((201, 157, 132, 319, 422, 540, 703, 233), (True, False, False))
((230, 166, 136, 298, 386, 599, 749, 265), (True, False, False))
((230, 166, 136, 298, 386, 599, 749, 265), (True, False, False))
((257, 179, 140, 237, 417, 675, 749, 292), (True, False, False))
((257, 179, 140, 237, 417, 675, 749, 292), (True, False, False))
((254, 169, 153, 284, 402, 659, 847, 285), (True, False, False))
((254, 169, 153, 284, 402, 659, 847, 285), (True, False, False))
((211, 149, 138, 270, 370, 652, 891, 277), (True, False, False))
((211, 149, 138, 270, 370, 652, 891, 277), (True, False, False))
((202, 137, 120, 248, 364, 568, 811, 248), (True, False, False))
((202, 137, 120, 248, 364, 568, 811, 248), (True, False, False))
((190, 154, 126, 254, 425, 614, 845, 234), (True, False, False))
((190, 154, 126, 254, 425, 614, 845, 234), (True, False, False))
((224, 159, 135, 278, 442, 540, 947, 213), (True, False, False))
((224, 159, 135, 278, 442, 540, 947, 213), (True, False, False))
((236, 199, 124, 271, 582, 585, 949, 229), (True, False, False))
((236, 199, 124, 271, 582, 585, 949, 229), (False, False, False))
((236, 199, 124, 271, 582, 585, 949, 229), (False, False, False))
((338, 247, 145, 306, 612, 572, 896, 260), (False, False, False))
((338, 247, 145, 306, 612, 572, 896, 260), (False, False, False))
((385, 265, 155, 319, 657, 653, 965, 274), (False, False, False))
((385, 265, 155, 319, 657, 653, 965, 274), (False, False, False))
((504, 325, 156, 320, 722, 626, 986, 295), (False, False, False))
((504, 325, 156, 320, 722, 626, 986, 295), (False, False, False))
((487, 353, 148, 320, 821, 679, 992, 362), (False, False, False))
((487, 353, 148, 320, 821, 679, 992, 362), (False, False, False))
((495, 333, 140, 293, 791, 639, 923, 375), (False, False, False))
((495, 333, 140, 293, 791, 639, 923, 375), (False, False, False))
((439, 302, 125, 316, 856, 622, 943, 357), (False, False, True))
((439, 302, 125, 316, 856, 622, 943, 357), (False, False, True))
((425, 313, 114, 316, 874, 599, 898, 343), (False, False, True))
((425, 313, 114, 316, 874, 599, 898, 343), (False, False, True))
((295, 283, 111, 318, 832, 612, 862, 324), (False, False, True))
((295, 283, 111, 318, 832, 612, 862, 324), (False, False, True))
((352, 250, 111, 310, 778, 558, 790, 274), (False, False, True))
((352, 250, 111, 310, 778, 558, 790, 274), (False, False, True))
((343, 244, 108, 315, 769, 576, 811, 253), (False, False, True))
((343, 244, 108, 315, 769, 576, 811, 253), (False, False, True))
((384, 265, 102, 274, 735, 610, 769, 246), (False, False, True))
((384, 265, 102, 274, 735, 610, 769, 246), (False, False, True))
((364, 249, 102, 274, 694, 570, 779, 227), (False, False, True))
((364, 249, 102, 274, 694, 570, 779, 227), (False, False, True))
((353, 196, 91, 259, 647, 478, 718, 208), (False, False, True))
((353, 196, 91, 259, 647, 478, 718, 208), (False, False, True))
((276, 172, 82, 241, 576, 426, 645, 146), (False, False, True))
((276, 172, 82, 241, 576, 426, 645, 146), (False, False, True))
((257, 174, 83, 245, 505, 351, 537, 110), (False, False, True))
((257, 174, 83, 245, 505, 351, 537, 110), (False, False, True))
((181, 135, 73, 259, 401, 250, 436, 77), (False, False, True))
((181, 135, 73, 259, 401, 250, 436, 77), (False, False, True))
((165, 111, 73, 255, 321, 158, 267, 60), (False, False, True))
((165, 111, 73, 255, 321, 158, 267, 60), (False, False, True))
((124, 102, 77, 269, 302, 128, 221, 48), (False, False, True))
((124, 102, 77, 269, 302, 128, 221, 48), (False, False, True))
((124, 117, 75, 272, 262, 124, 193, 42), (False, False, True))
((124, 117, 75, 272, 262, 124, 193, 42), (False, False, True))
((114, 104, 69, 282, 237, 103, 142, 42), (False, False, True))
((114, 104, 69, 282, 237, 103, 142, 42), (False, False, True))
((98, 99, 69, 260, 246, 85, 99, 39), (False, False, True))
((98, 99, 69, 260, 246, 85, 99, 39), (False, False, True))
((87, 97, 65, 254, 278, 72, 76, 47), (False, False, True))
((87, 97, 65, 254, 278, 72, 76, 47), (False, False, True))
((106, 108, 64, 235, 297, 71, 59, 48), (False, False, True))
((106, 108, 64, 235, 297, 71, 59, 48), (False, False, True))
((104, 93, 65, 256, 292, 70, 56, 49), (False, False, True))
((104, 93, 65, 256, 292, 70, 56, 49), (False, False, True))
((120, 96, 66, 257, 318, 73, 53, 48), (False, False, True))
((120, 96, 66, 257, 318, 73, 53, 48), (False, False, True))
((164, 107, 74, 341, 295, 74, 49, 80), (False, False, True))
((164, 107, 74, 341, 295, 74, 49, 80), (False, False, True))
((164, 107, 74, 341, 295, 74, 49, 80), (False, False, True))
((211, 148, 78, 383, 311, 79, 52, 142), (False, False, True))
((211, 148, 78, 383, 311, 79, 52, 142), (False, False, True))
((215, 150, 74, 412, 319, 82, 50, 159), (False, False, True))
((215, 150, 74, 412, 319, 82, 50, 159), (False, False, True))
((235, 157, 70, 409, 319, 88, 50, 173), (False, False, True))
((235, 157, 70, 409, 319, 88, 50, 173), (False, False, True))
((239, 191, 78, 427, 297, 93, 71, 306), (False, False, True))
((239, 191, 78, 427, 297, 93, 71, 306), (False, False, True))
((235, 223, 126, 535, 455, 135, 113, 325), (False, False, True))
((235, 223, 126, 535, 455, 135, 113, 325), (False, False, True))
((214, 209, 136, 530, 448, 145, 125, 307), (False, False, True))
((214, 209, 136, 530, 448, 145, 125, 307), (False, False, True))
((222, 204, 137, 537, 450, 146, 157, 337), (False, False, True))
((222, 204, 137, 537, 450, 146, 157, 337), (False, False, True))
((229, 218, 142, 547, 475, 157, 210, 404), (False, False, True))
((229, 218, 142, 547, 475, 157, 210, 404), (False, False, True))
((283, 247, 140, 598, 499, 156, 213, 385), (False, False, True))
((283, 247, 140, 598, 499, 156, 213, 385), (False, False, True))
((295, 245, 97, 469, 394, 127, 272, 479), (False, False, True))
((295, 245, 97, 469, 394, 127, 272, 479), (False, False, False))
((377, 240, 92, 538, 455, 159, 341, 579), (False, False, False))
((377, 240, 92, 538, 455, 159, 341, 579), (False, False, False))
((401, 269, 109, 566, 530, 173, 413, 665), (False, False, False))
((401, 269, 109, 566, 530, 173, 413, 665), (False, False, False))
((424, 291, 113, 596, 588, 205, 452, 790), (True, False, False))
((424, 291, 113, 596, 588, 205, 452, 790), (True, False, False))
((438, 250, 122, 599, 597, 287, 464, 828), (True, False, False))
((438, 250, 122, 599, 597, 287, 464, 828), (True, False, False))
((489, 221, 131, 645, 700, 370, 448, 832), (True, False, False))
((489, 221, 131, 645, 700, 370, 448, 832), (True, False, False))
((489, 221, 131, 645, 700, 370, 448, 832), (True, False, False))
((512, 232, 160, 749, 713, 373, 413, 823), (True, False, False))
((512, 232, 160, 749, 713, 373, 413, 823), (True, False, False))
((609, 212, 158, 762, 673, 371, 343, 853), (True, False, False))
((609, 212, 158, 762, 673, 371, 343, 853), (True, False, False))
((628, 188, 158, 819, 741, 368, 337, 778), (True, False, False))
((628, 188, 158, 819, 741, 368, 337, 778), (True, False, False))
((657, 195, 167, 888, 784, 331, 351, 860), (True, False, False))
((657, 195, 167, 888, 784, 331, 351, 860), (True, False, False))
((712, 204, 175, 881, 858, 269, 339, 891), (True, False, False))
((712, 204, 175, 881, 858, 269, 339, 891), (True, False, False))
((717, 192, 154, 827, 869, 247, 331, 974), (True, False, False))
((717, 192, 154, 827, 869, 247, 331, 974), (True, False, False))
((645, 209, 152, 787, 858, 258, 330, 927), (True, False, False))
((645, 209, 152, 787, 858, 258, 330, 927), (True, False, False))
((702, 191, 159, 776, 813, 257, 287, 965), (True, False, False))
((702, 191, 159, 776, 813, 257, 287, 965), (True, False, False))
((679, 185, 154, 661, 758, 241, 256, 860), (True, False, False))
((679, 185, 154, 661, 758, 241, 256, 860), (True, False, False))
((595, 173, 139, 634, 573, 203, 231, 792), (True, False, False))
((595, 173, 139, 634, 573, 203, 231, 792), (True, False, False))
((553, 174, 129, 527, 513, 199, 228, 645), (True, False, False))
((553, 174, 129, 527, 513, 199, 228, 645), (True, False, False))
((521, 131, 120, 534, 523, 173, 217, 603), (True, False, False))
((521, 131, 120, 534, 523, 173, 217, 603), (True, False, False))
((382, 118, 105, 402, 414, 136, 165, 426), (True, False, False))
((382, 118, 105, 402, 414, 136, 165, 426), (True, False, False))
((339, 100, 102, 389, 437, 124, 146, 383), (True, False, False))
((339, 100, 102, 389, 437, 124, 146, 383), (True, False, False))
((291, 95, 100, 346, 431, 130, 138, 334), (True, False, False))
((291, 95, 100, 346, 431, 130, 138, 334), (True, False, False))
((190, 74, 96, 309, 377, 117, 106, 284), (True, False, False))
((190, 74, 96, 309, 377, 117, 106, 284), (True, False, False))
((183, 61, 96, 268, 330, 116, 80, 209), (True, False, False))
((183, 61, 96, 268, 330, 116, 80, 209), (True, False, False))
((166, 62, 110, 258, 367, 104, 56, 206), (True, False, False))
((166, 62, 110, 258, 367, 104, 56, 206), (True, False, False))
((89, 53, 101, 186, 313, 83, 46, 158), (True, False, False))
((89, 53, 101, 186, 313, 83, 46, 158), (True, False, False))
((69, 49, 98, 198, 273, 53, 36, 116), (True, False, False))
((69, 49, 98, 198, 273, 53, 36, 116), (True, False, False))
((58, 47, 94, 210, 291, 49, 37, 95), (True, False, False))
((58, 47, 94, 210, 291, 49, 37, 95), (True, False, False))
((51, 50, 96, 206, 364, 56, 41, 74), (True, False, False))
((51, 50, 96, 206, 364, 56, 41, 74), (True, False, False))
((44, 48, 78, 231, 572, 75, 39, 56), (True, False, False))
((44, 48, 78, 231, 572, 75, 39, 56), (True, False, False))
((41, 46, 66, 217, 608, 86, 43, 43), (True, False, False))
((41, 46, 66, 217, 608, 86, 43, 43), (True, False, False))
((41, 46, 66, 217, 608, 86, 43, 43), (True, False, False))
((40, 43, 58, 198, 617, 90, 78, 42), (True, False, False))
((40, 43, 58, 198, 617, 90, 78, 42), (True, False, False))
((55, 44, 60, 222, 628, 104, 92, 49), (True, False, False))
((55, 44, 60, 222, 628, 104, 92, 49), (True, False, False))
((59, 46, 62, 233, 629, 114, 99, 58), (True, False, False))
((59, 46, 62, 233, 629, 114, 99, 58), (True, False, False))
((63, 51, 65, 209, 478, 128, 155, 70), (True, False, False))
((63, 51, 65, 209, 478, 128, 155, 70), (True, False, False))
((122, 149, 88, 226, 481, 175, 184, 99), (True, False, False))
((122, 149, 88, 226, 481, 175, 184, 99), (True, False, False))
((127, 167, 99, 231, 466, 197, 197, 103), (True, False, False))
((127, 167, 99, 231, 466, 197, 197, 103), (False, False, False))
((125, 169, 99, 194, 447, 206, 205, 108), (False, False, False))
((125, 169, 99, 194, 447, 206, 205, 108), (False, False, False))
((130, 170, 98, 214, 441, 260, 257, 132), (False, False, False))
((130, 170, 98, 214, 441, 260, 257, 132), (False, False, False))
((130, 172, 93, 234, 356, 265, 250, 129), (False, False, False))
((130, 172, 93, 234, 356, 265, 250, 129), (False, False, True))
((79, 103, 77, 225, 276, 235, 245, 109), (False, False, True))
((79, 103, 77, 225, 276, 235, 245, 109), (False, False, True))
((78, 77, 64, 214, 267, 228, 241, 110), (False, False, True))
((78, 77, 64, 214, 267, 228, 241, 110), (False, False, True))
((78, 77, 64, 214, 267, 228, 241, 110), (False, False, True))
((71, 74, 63, 207, 249, 244, 251, 103), (False, False, True))
((71, 74, 63, 207, 249, 244, 251, 103), (False, False, True))
((63, 70, 87, 226, 154, 213, 302, 75), (False, False, True))
((63, 70, 87, 226, 154, 213, 302, 75), (False, False, True))
((53, 59, 97, 219, 159, 216, 289, 79), (False, False, True))
((53, 59, 97, 219, 159, 216, 289, 79), (False, False, True))
((56, 58, 101, 225, 200, 235, 442, 82), (False, False, True))
((56, 58, 101, 225, 200, 235, 442, 82), (False, False, True))
((61, 58, 117, 230, 195, 231, 606, 100), (False, False, False))
((61, 58, 117, 230, 195, 231, 606, 100), (False, False, False))
((102, 77, 133, 245, 214, 235, 655, 165), (False, False, False))
((102, 77, 133, 245, 214, 235, 655, 165), (False, False, False))
((111, 77, 119, 212, 286, 255, 728, 178), (False, False, False))
((111, 77, 119, 212, 286, 255, 728, 178), (False, False, False))
((151, 102, 119, 198, 296, 326, 862, 226), (False, False, False))
((151, 102, 119, 198, 296, 326, 862, 226), (False, False, False))
((233, 147, 142, 196, 368, 521, 890, 449), (False, False, False))
((233, 147, 142, 196, 368, 521, 890, 449), (False, False, False))
((290, 203, 134, 224, 492, 655, 1003, 505), (False, False, False))
((290, 203, 134, 224, 492, 655, 1003, 505), (False, False, False))
((307, 233, 127, 231, 614, 731, 1152, 522), (False, False, False))
((307, 233, 127, 231, 614, 731, 1152, 522), (False, False, False))
((320, 247, 147, 285, 673, 772, 1143, 548), (False, False, False))
((320, 247, 147, 285, 673, 772, 1143, 548), (False, False, False))
((320, 250, 152, 355, 716, 860, 1130, 602), (False, False, False))
((320, 250, 152, 355, 716, 860, 1130, 602), (False, False, False))
((293, 247, 151, 383, 731, 845, 1142, 533), (False, False, False))
((293, 247, 151, 383, 731, 845, 1142, 533), (False, False, False))
((263, 220, 151, 398, 742, 845, 1074, 485), (False, False, False))
((263, 220, 151, 398, 742, 845, 1074, 485), (False, False, False))
((250, 234, 161, 423, 681, 785, 907, 467), (False, False, False))
((250, 234, 161, 423, 681, 785, 907, 467), (False, False, False))
((234, 226, 144, 391, 604, 738, 900, 470), (False, False, False))
((234, 226, 144, 391, 604, 738, 900, 470), (False, False, False))
((218, 217, 134, 345, 569, 610, 841, 377), (False, False, False))
((218, 217, 134, 345, 569, 610, 841, 377), (False, False, False))
((215, 205, 106, 333, 601, 497, 759, 273), (False, False, False))
((215, 205, 106, 333, 601, 497, 759, 273), (False, False, False))
((201, 188, 106, 304, 504, 300, 609, 279), (False, False, False))
((201, 188, 106, 304, 504, 300, 609, 279), (False, False, True))
((192, 143, 84, 248, 483, 359, 685, 252), (False, False, True))
((192, 143, 84, 248, 483, 359, 685, 252), (False, False, True))
((201, 153, 92, 249, 542, 368, 646, 178), (False, False, True))
((201, 153, 92, 249, 542, 368, 646, 178), (False, False, True))
((206, 159, 94, 215, 539, 346, 610, 177), (False, False, True))
((206, 159, 94, 215, 539, 346, 610, 177), (False, False, True))
((171, 155, 90, 171, 460, 324, 637, 171), (False, False, True))
((171, 155, 90, 171, 460, 324, 637, 171), (False, False, True))
((147, 151, 85, 157, 475, 325, 646, 138), (False, False, True))
((147, 151, 85, 157, 475, 325, 646, 138), (False, False, True))
((122, 128, 84, 184, 477, 218, 541, 128), (False, False, True))
((122, 128, 84, 184, 477, 218, 541, 128), (False, False, True))
((94, 100, 84, 197, 404, 188, 500, 112), (False, False, True))
((94, 100, 84, 197, 404, 188, 500, 112), (False, False, True))
((59, 77, 77, 200, 375, 182, 478, 89), (False, False, True))
((59, 77, 77, 200, 375, 182, 478, 89), (False, False, False))
((60, 52, 82, 190, 314, 160, 373, 78), (False, False, False))
((60, 52, 82, 190, 314, 160, 373, 78), (False, False, False))
((63, 53, 87, 195, 266, 152, 317, 60), (False, False, False))
((63, 53, 87, 195, 266, 152, 317, 60), (False, True, False))
((63, 53, 88, 164, 189, 157, 267, 57), (False, True, False))
((63, 53, 88, 164, 189, 157, 267, 57), (False, True, False))
((63, 57, 81, 117, 139, 140, 225, 53), (False, True, False))
((63, 57, 81, 117, 139, 140, 225, 53), (False, True, False))
((64, 56, 82, 115, 127, 127, 187, 51), (False, True, False))
((64, 56, 82, 115, 127, 127, 187, 51), (False, True, False))
((47, 49, 79, 214, 110, 119, 164, 47), (False, True, False))
((47, 49, 79, 214, 110, 119, 164, 47), (False, True, False))
((39, 51, 79, 211, 106, 109, 125, 41), (False, True, False))
((39, 51, 79, 211, 106, 109, 125, 41), (False, True, False))
((37, 51, 76, 221, 97, 74, 92, 28), (False, True, False))
((37, 51, 76, 221, 97, 74, 92, 28), (False, True, False))
((38, 48, 70, 242, 103, 50, 64, 30), (False, True, False))
((38, 48, 70, 242, 103, 50, 64, 30), (False, True, False))
((38, 48, 70, 242, 103, 50, 64, 30), (False, True, False))
((40, 60, 66, 257, 107, 48, 53, 27), (False, True, False))
((40, 60, 66, 257, 107, 48, 53, 27), (False, True, False))
((41, 62, 70, 211, 149, 58, 48, 26), (False, True, False))
((41, 62, 70, 211, 149, 58, 48, 26), (False, True, False))
((66, 79, 81, 246, 203, 73, 47, 33), (False, True, False))
((66, 79, 81, 246, 203, 73, 47, 33), (False, True, False))
((69, 105, 87, 314, 215, 83, 51, 38), (False, True, False))
((69, 105, 87, 314, 215, 83, 51, 38), (False, True, False))
((116, 108, 90, 320, 232, 88, 49, 39), (False, True, False))
((116, 108, 90, 320, 232, 88, 49, 39), (False, True, False))
((120, 105, 90, 323, 331, 92, 50, 43), (False, True, False))
((120, 105, 90, 323, 331, 92, 50, 43), (False, True, False))
((129, 104, 87, 352, 339, 88, 48, 63), (False, True, False))
((129, 104, 87, 352, 339, 88, 48, 63), (False, True, False))
((124, 93, 72, 330, 329, 78, 44, 68), (False, True, False))
((124, 93, 72, 330, 329, 78, 44, 68), (False, True, False))
((127, 99, 67, 385, 417, 67, 39, 67), (False, True, False))
((127, 99, 67, 385, 417, 67, 39, 67), (False, True, False))
((87, 98, 64, 375, 419, 76, 39, 72), (False, True, False))
((87, 98, 64, 375, 419, 76, 39, 72), (False, True, False))
((84, 101, 67, 369, 378, 73, 40, 80), (False, True, False))
((84, 101, 67, 369, 378, 73, 40, 80), (False, True, False))
((76, 103, 65, 339, 392, 74, 43, 70), (False, True, False))
((76, 103, 65, 339, 392, 74, 43, 70), (False, True, False))
((67, 100, 60, 381, 394, 76, 39, 66), (False, True, False))
((67, 100, 60, 381, 394, 76, 39, 66), (False, True, False))
((59, 61, 52, 273, 300, 78, 42, 70), (False, True, False))
((59, 61, 52, 273, 300, 78, 42, 70), (False, True, False))
((148, 91, 58, 285, 330, 65, 40, 80), (False, True, False))
((148, 91, 58, 285, 330, 65, 40, 80), (False, True, False))
((195, 94, 59, 290, 316, 66, 62, 115), (False, True, False))
((195, 94, 59, 290, 316, 66, 62, 115), (False, True, False))
((207, 127, 72, 386, 296, 91, 210, 374), (False, True, False))
((207, 127, 72, 386, 296, 91, 210, 374), (False, True, False))
((239, 139, 84, 406, 373, 163, 325, 566), (False, True, False))
((239, 139, 84, 406, 373, 163, 325, 566), (False, True, False))
((252, 148, 88, 411, 394, 175, 385, 619), (False, True, False))
((252, 148, 88, 411, 394, 175, 385, 619), (False, True, False))
((232, 139, 90, 487, 503, 355, 448, 640), (False, True, False))
((232, 139, 90, 487, 503, 355, 448, 640), (False, True, False))
((207, 140, 89, 503, 566, 380, 468, 691), (False, True, False))
((207, 140, 89, 503, 566, 380, 468, 691), (False, False, False))
((210, 131, 86, 492, 589, 407, 507, 715), (False, False, False))
((210, 131, 86, 492, 589, 407, 507, 715), (False, False, False))
((199, 148, 141, 623, 627, 419, 507, 705), (True, False, False))
((199, 148, 141, 623, 627, 419, 507, 705), (False, False, False))
((197, 141, 145, 660, 663, 430, 494, 745), (False, False, False))
((197, 141, 145, 660, 663, 430, 494, 745), (False, False, False))
((216, 134, 145, 616, 640, 386, 477, 862), (True, False, False))
((216, 134, 145, 616, 640, 386, 477, 862), (False, False, False))
((218, 129, 144, 666, 757, 371, 482, 847), (False, False, False))
((218, 129, 144, 666, 757, 371, 482, 847), (False, False, False))
((220, 134, 142, 658, 789, 345, 406, 766), (False, False, False))
((220, 134, 142, 658, 789, 345, 406, 766), (False, False, False))
((208, 121, 110, 545, 855, 336, 424, 695), (False, False, False))
((208, 121, 110, 545, 855, 336, 424, 695), (False, False, False))
((239, 120, 109, 505, 904, 332, 402, 648), (False, False, False))
((239, 120, 109, 505, 904, 332, 402, 648), (True, False, False))
((234, 120, 106, 523, 941, 252, 370, 527), (True, False, False))
((234, 120, 106, 523, 941, 252, 370, 527), (True, False, False))
((231, 124, 121, 528, 900, 283, 376, 511), (True, False, False))
((231, 124, 121, 528, 900, 283, 376, 511), (True, False, False))
((231, 124, 121, 528, 900, 283, 376, 511), (True, False, False))
((221, 97, 122, 507, 922, 297, 393, 540), (True, False, False))
((221, 97, 122, 507, 922, 297, 393, 540), (True, False, False))
((233, 85, 117, 465, 910, 277, 291, 539), (True, False, False))
((233, 85, 117, 465, 910, 277, 291, 539), (True, False, False))
((207, 81, 112, 450, 842, 264, 281, 500), (True, False, False))
((207, 81, 112, 450, 842, 264, 281, 500), (True, False, False))
((176, 80, 112, 429, 776, 244, 264, 437), (True, False, False))
((176, 80, 112, 429, 776, 244, 264, 437), (True, False, False))
((164, 72, 108, 305, 672, 193, 206, 405), (True, False, False))
((164, 72, 108, 305, 672, 193, 206, 405), (True, False, False))
((154, 75, 133, 253, 565, 157, 144, 323), (True, False, False))
((154, 75, 133, 253, 565, 157, 144, 323), (True, False, False))
((117, 54, 117, 213, 356, 117, 118, 211), (True, False, False))
((117, 54, 117, 213, 356, 117, 118, 211), (True, False, False))
((73, 54, 121, 198, 363, 105, 91, 165), (True, False, False))
((73, 54, 121, 198, 363, 105, 91, 165), (True, False, False))
((56, 55, 122, 127, 276, 97, 81, 118), (True, False, False))
((56, 55, 122, 127, 276, 97, 81, 118), (True, False, False))
((46, 49, 111, 113, 249, 83, 61, 99), (True, False, False))
((46, 49, 111, 113, 249, 83, 61, 99), (True, False, False))
((42, 42, 92, 115, 252, 69, 47, 94), (True, False, False))
((42, 42, 92, 115, 252, 69, 47, 94), (True, False, False))
((43, 44, 109, 253, 275, 70, 44, 89), (True, False, False))
((43, 44, 109, 253, 275, 70, 44, 89), (True, False, False))
((40, 51, 124, 292, 207, 75, 45, 85), (True, False, False))
((40, 51, 124, 292, 207, 75, 45, 85), (True, False, False))
((34, 49, 123, 293, 249, 79, 42, 79), (True, False, False))
((34, 49, 123, 293, 249, 79, 42, 79), (True, False, False))
((34, 52, 130, 317, 257, 82, 42, 57), (False, False, False))
((34, 52, 130, 317, 257, 82, 42, 57), (False, False, False))
((34, 53, 128, 431, 329, 86, 40, 43), (False, False, False))
((34, 53, 128, 431, 329, 86, 40, 43), (False, False, False))
((34, 53, 128, 431, 329, 86, 40, 43), (False, False, False))
((33, 54, 126, 392, 400, 87, 41, 40), (False, True, False))
((33, 54, 126, 392, 400, 87, 41, 40), (False, True, False))
((36, 54, 128, 375, 465, 74, 35, 37), (False, True, False))
((36, 54, 128, 375, 465, 74, 35, 37), (False, True, False))
((43, 63, 136, 415, 723, 124, 52, 38), (False, True, False))
((43, 63, 136, 415, 723, 124, 52, 38), (False, True, False))
((42, 62, 130, 413, 783, 134, 52, 36), (False, True, False))
((42, 62, 130, 413, 783, 134, 52, 36), (False, True, False))
((42, 62, 123, 323, 816, 135, 53, 37), (False, True, False))
((42, 62, 123, 323, 816, 135, 53, 37), (False, True, False))
((41, 60, 110, 303, 839, 133, 52, 37), (False, True, False))
((41, 60, 110, 303, 839, 133, 52, 37), (False, True, False))
((37, 54, 82, 290, 814, 134, 53, 36), (False, True, False))
((37, 54, 82, 290, 814, 134, 53, 36), (False, True, False))
((30, 44, 67, 239, 644, 88, 36, 32), (False, True, False))
((30, 44, 67, 239, 644, 88, 36, 32), (False, True, False))
((33, 42, 71, 228, 575, 78, 36, 31), (False, True, False))
((33, 42, 71, 228, 575, 78, 36, 31), (False, True, False))
((31, 37, 67, 233, 529, 77, 36, 43), (False, True, False))
((31, 37, 67, 233, 529, 77, 36, 43), (False, True, False))
((29, 35, 63, 265, 477, 80, 35, 43), (False, True, False))
((29, 35, 63, 265, 477, 80, 35, 43), (False, True, False))
((43, 36, 71, 312, 565, 92, 74, 110), (False, True, False))
((43, 36, 71, 312, 565, 92, 74, 110), (False, True, False))
((70, 89, 77, 325, 534, 111, 216, 320), (False, True, False))
((70, 89, 77, 325, 534, 111, 216, 320), (False, True, False))
((138, 124, 89, 422, 637, 277, 271, 457), (False, True, False))
((138, 124, 89, 422, 637, 277, 271, 457), (False, True, False))
((251, 171, 103, 514, 747, 324, 360, 527), (False, True, False))
((251, 171, 103, 514, 747, 324, 360, 527), (False, True, False))
((354, 226, 161, 789, 1041, 456, 458, 649), (False, True, False))
((354, 226, 161, 789, 1041, 456, 458, 649), (False, False, False))
((378, 280, 184, 845, 1151, 541, 524, 684), (False, False, False))
((378, 280, 184, 845, 1151, 541, 524, 684), (False, False, False))
((412, 295, 207, 901, 1176, 628, 507, 696), (False, False, False))
((412, 295, 207, 901, 1176, 628, 507, 696), (False, True, False))
((415, 297, 208, 903, 1187, 586, 559, 717), (False, True, False))
((415, 297, 208, 903, 1187, 586, 559, 717), (False, True, False))
((427, 331, 243, 969, 1242, 597, 630, 836), (False, True, False))
((427, 331, 243, 969, 1242, 597, 630, 836), (False, True, False))
((368, 313, 244, 821, 1138, 646, 652, 920), (False, True, False))
((368, 313, 244, 821, 1138, 646, 652, 920), (False, True, False))
((357, 282, 247, 829, 1105, 622, 625, 941), (False, True, False))
((357, 282, 247, 829, 1105, 622, 625, 941), (False, True, False))
((357, 282, 247, 829, 1105, 622, 625, 941), (False, True, False))
((327, 262, 250, 914, 1145, 608, 656, 948), (False, True, False))
((327, 262, 250, 914, 1145, 608, 656, 948), (False, True, False))
((324, 257, 255, 961, 1144, 641, 628, 957), (False, True, False))
((324, 257, 255, 961, 1144, 641, 628, 957), (False, True, False))
((242, 197, 246, 980, 1187, 700, 599, 881), (False, True, False))
((242, 197, 246, 980, 1187, 700, 599, 881), (False, True, False))
((223, 200, 260, 1041, 1281, 606, 605, 756), (False, True, False))
((223, 200, 260, 1041, 1281, 606, 605, 756), (False, True, False))
((211, 184, 249, 1039, 1353, 571, 636, 747), (False, True, False))
((211, 184, 249, 1039, 1353, 571, 636, 747), (False, True, False))
((194, 181, 238, 977, 1365, 533, 623, 775), (False, True, False))
((194, 181, 238, 977, 1365, 533, 623, 775), (False, True, False))
((164, 177, 246, 1054, 1439, 604, 683, 728), (False, True, False))
((164, 177, 246, 1054, 1439, 604, 683, 728), (False, True, False))
((280, 182, 237, 958, 1393, 512, 633, 735), (False, True, False))
((280, 182, 237, 958, 1393, 512, 633, 735), (False, True, False))
((277, 160, 186, 965, 1250, 541, 602, 735), (False, True, False))
((277, 160, 186, 965, 1250, 541, 602, 735), (False, True, False))
((271, 162, 203, 1082, 1141, 548, 571, 729), (False, True, False))
((271, 162, 203, 1082, 1141, 548, 571, 729), (False, True, False))
((292, 163, 207, 1064, 1144, 601, 568, 707), (False, True, False))
((292, 163, 207, 1064, 1144, 601, 568, 707), (False, True, False))
((294, 160, 203, 945, 1113, 521, 464, 693), (False, True, False))
((294, 160, 203, 945, 1113, 521, 464, 693), (False, True, False))
((171, 132, 179, 971, 1116, 525, 543, 688), (False, True, False))
((171, 132, 179, 971, 1116, 525, 543, 688), (False, True, False))
((161, 132, 183, 869, 1117, 494, 477, 630), (False, True, False))
((161, 132, 183, 869, 1117, 494, 477, 630), (False, True, False))
((161, 126, 156, 711, 1078, 572, 506, 648), (False, True, False))
((161, 126, 156, 711, 1078, 572, 506, 648), (False, True, False))
((125, 140, 185, 759, 1074, 512, 476, 601), (False, False, False))
((125, 140, 185, 759, 1074, 512, 476, 601), (False, False, False))
((101, 129, 166, 732, 974, 495, 466, 575), (False, False, False))
((101, 129, 166, 732, 974, 495, 466, 575), (False, False, False))
((95, 126, 167, 653, 833, 509, 319, 480), (False, False, False))
((95, 126, 167, 653, 833, 509, 319, 480), (False, False, False))
((86, 112, 167, 614, 736, 474, 305, 475), (False, False, False))
((86, 112, 167, 614, 736, 474, 305, 475), (False, False, False))
((75, 104, 171, 554, 710, 361, 170, 368), (False, False, False))
((75, 104, 171, 554, 710, 361, 170, 368), (False, False, False))
((48, 63, 120, 437, 667, 305, 131, 256), (False, False, False))
((48, 63, 120, 437, 667, 305, 131, 256), (False, False, False))
((45, 61, 125, 388, 622, 257, 109, 185), (False, False, False))
((45, 61, 125, 388, 622, 257, 109, 185), (False, False, False))
((40, 61, 126, 386, 591, 170, 113, 132), (False, False, False))
((40, 61, 126, 386, 591, 170, 113, 132), (False, False, False))
((41, 57, 122, 372, 557, 163, 116, 104), (False, True, False))
((41, 57, 122, 372, 557, 163, 116, 104), (False, True, False))
((39, 52, 112, 306, 478, 123, 111, 79), (False, False, False))
((39, 52, 112, 306, 478, 123, 111, 79), (False, False, False))
((33, 49, 102, 242, 265, 94, 102, 68), (False, False, False))
((33, 49, 102, 242, 265, 94, 102, 68), (False, False, False))
((32, 43, 104, 262, 185, 74, 87, 52), (False, False, False))
((32, 43, 104, 262, 185, 74, 87, 52), (True, False, False))
((32, 45, 104, 251, 229, 69, 58, 43), (True, False, False))
((32, 45, 104, 251, 229, 69, 58, 43), (True, False, False))
((32, 45, 104, 251, 229, 69, 58, 43), (True, False, False))
((33, 49, 106, 332, 258, 57, 53, 35), (True, False, False))
((33, 49, 106, 332, 258, 57, 53, 35), (True, False, False))
((35, 50, 110, 372, 281, 66, 54, 32), (True, False, False))
((35, 50, 110, 372, 281, 66, 54, 32), (True, False, False))
((41, 61, 122, 361, 283, 94, 172, 42), (True, False, False))
((41, 61, 122, 361, 283, 94, 172, 42), (True, False, False))
((43, 63, 114, 369, 286, 117, 190, 51), (True, False, False))
((43, 63, 114, 369, 286, 117, 190, 51), (True, False, False))
((45, 64, 135, 367, 230, 128, 227, 60), (True, False, False))
((45, 64, 135, 367, 230, 128, 227, 60), (True, False, False))
((57, 74, 132, 289, 205, 178, 355, 81), (True, False, False))
((57, 74, 132, 289, 205, 178, 355, 81), (True, False, False))
((72, 84, 143, 244, 170, 259, 431, 111), (True, False, False))
((72, 84, 143, 244, 170, 259, 431, 111), (True, False, False))
((75, 81, 141, 272, 204, 267, 411, 113), (True, False, False))
((75, 81, 141, 272, 204, 267, 411, 113), (True, False, False))
((75, 85, 144, 233, 211, 280, 434, 111), (True, False, False))
((75, 85, 144, 233, 211, 280, 434, 111), (True, False, False))
((78, 84, 122, 221, 212, 334, 465, 124), (True, False, False))
((78, 84, 122, 221, 212, 334, 465, 124), (True, False, False))
((73, 75, 121, 219, 199, 332, 410, 119), (True, False, False))
((73, 75, 121, 219, 199, 332, 410, 119), (True, False, False))
((62, 68, 110, 217, 294, 280, 385, 95), (True, False, False))
((62, 68, 110, 217, 294, 280, 385, 95), (True, False, False))
((62, 68, 110, 217, 294, 280, 385, 95), (True, False, False))
((61, 70, 106, 180, 289, 272, 399, 92), (True, False, False))
((61, 70, 106, 180, 289, 272, 399, 92), (True, False, False))
((63, 65, 98, 189, 305, 262, 387, 96), (True, False, False))
((63, 65, 98, 189, 305, 262, 387, 96), (True, False, False))
((61, 69, 120, 254, 354, 188, 348, 81), (True, False, False))
((61, 69, 120, 254, 354, 188, 348, 81), (True, False, False))
((62, 67, 116, 267, 385, 150, 360, 77), (True, False, False))
((62, 67, 116, 267, 385, 150, 360, 77), (True, False, False))
((56, 63, 117, 262, 311, 142, 312, 75), (True, False, False))
((56, 63, 117, 262, 311, 142, 312, 75), (True, False, False))
((51, 56, 109, 296, 398, 149, 288, 71), (True, False, False))
((51, 56, 109, 296, 398, 149, 288, 71), (True, False, False))
((53, 58, 115, 293, 403, 148, 267, 80), (True, False, False))
((53, 58, 115, 293, 403, 148, 267, 80), (True, False, False))
((50, 50, 95, 274, 494, 145, 259, 73), (True, False, False))
((50, 50, 95, 274, 494, 145, 259, 73), (True, False, False))
((44, 54, 100, 277, 497, 145, 197, 67), (True, False, False))
((44, 54, 100, 277, 497, 145, 197, 67), (True, False, False))
((45, 51, 90, 268, 524, 138, 197, 76), (True, False, False))
((45, 51, 90, 268, 524, 138, 197, 76), (True, False, False))
((43, 52, 99, 237, 473, 123, 185, 79), (True, False, False))
((43, 52, 99, 237, 473, 123, 185, 79), (True, False, False))
((37, 49, 94, 222, 478, 97, 177, 63), (True, False, False))
((37, 49, 94, 222, 478, 97, 177, 63), (True, False, False))
((34, 50, 98, 185, 370, 89, 149, 61), (True, False, False))
((34, 50, 98, 185, 370, 89, 149, 61), (True, False, False))
((33, 45, 92, 162, 354, 83, 122, 60), (True, False, False))
((33, 45, 92, 162, 354, 83, 122, 60), (True, False, False))
((32, 46, 91, 161, 310, 82, 90, 43), (True, False, False))
((32, 46, 91, 161, 310, 82, 90, 43), (True, False, False))
((30, 45, 91, 144, 283, 69, 79, 36), (True, False, False))
((30, 45, 91, 144, 283, 69, 79, 36), (True, False, False))
((29, 43, 89, 148, 278, 65, 63, 32), (True, False, False))
((29, 43, 89, 148, 278, 65, 63, 32), (True, False, False))
((31, 42, 83, 157, 259, 61, 53, 31), (True, False, False))
((31, 42, 83, 157, 259, 61, 53, 31), (True, False, False))
((76, 62, 80, 162, 296, 66, 55, 202), (True, False, False))
((76, 62, 80, 162, 296, 66, 55, 202), (True, False, False))
((82, 73, 85, 171, 311, 67, 70, 238), (True, False, False))
((82, 73, 85, 171, 311, 67, 70, 238), (True, False, False))
((103, 78, 74, 183, 357, 66, 175, 344), (True, False, False))
((103, 78, 74, 183, 357, 66, 175, 344), (True, False, False))
((122, 96, 79, 221, 409, 122, 187, 377), (True, False, False))
((122, 96, 79, 221, 409, 122, 187, 377), (True, False, False))
((196, 163, 83, 226, 486, 131, 249, 439), (False, False, False))
((196, 163, 83, 226, 486, 131, 249, 439), (False, False, False))
((204, 163, 83, 227, 491, 203, 267, 452), (False, False, False))
((204, 163, 83, 227, 491, 203, 267, 452), (False, False, False))
((206, 169, 80, 263, 536, 326, 334, 476), (False, False, False))
((206, 169, 80, 263, 536, 326, 334, 476), (False, False, False))
((205, 177, 85, 318, 532, 405, 319, 422), (False, False, False))
((205, 177, 85, 318, 532, 405, 319, 422), (False, False, False))
((201, 180, 88, 366, 597, 402, 406, 498), (False, False, False))
((201, 180, 88, 366, 597, 402, 406, 498), (False, False, False))
((146, 127, 95, 376, 618, 466, 495, 512), (False, False, False))
((146, 127, 95, 376, 618, 466, 495, 512), (False, False, False))
((129, 146, 106, 421, 676, 469, 510, 587), (False, False, False))
((129, 146, 106, 421, 676, 469, 510, 587), (False, False, False))
((134, 134, 108, 418, 736, 529, 554, 588), (False, False, False))
((134, 134, 108, 418, 736, 529, 554, 588), (False, False, False))
((177, 161, 117, 420, 778, 506, 590, 694), (False, False, False))
((177, 161, 117, 420, 778, 506, 590, 694), (False, False, False))
((204, 178, 140, 437, 800, 547, 559, 747), (False, False, False))
((204, 178, 140, 437, 800, 547, 559, 747), (False, False, False))
((199, 178, 145, 474, 845, 510, 614, 800), (False, False, False))
((199, 178, 145, 474, 845, 510, 614, 800), (False, False, False))
((212, 181, 192, 604, 960, 625, 719, 865), (False, False, False))
((212, 181, 192, 604, 960, 625, 719, 865), (False, False, False))
((212, 187, 198, 683, 1035, 577, 720, 1021), (True, False, False))
((212, 187, 198, 683, 1035, 577, 720, 1021), (True, False, False))
((187, 176, 218, 811, 1024, 569, 808, 1097), (True, False, False))
((187, 176, 218, 811, 1024, 569, 808, 1097), (True, False, False))
((157, 156, 214, 819, 996, 575, 839, 1100), (True, False, False))
((157, 156, 214, 819, 996, 575, 839, 1100), (True, False, False))
((170, 156, 205, 838, 1006, 665, 790, 1093), (True, False, False))
((170, 156, 205, 838, 1006, 665, 790, 1093), (True, False, False))
((152, 137, 172, 802, 901, 556, 763, 1021), (True, False, False))
((152, 137, 172, 802, 901, 556, 763, 1021), (True, False, False))
((148, 132, 170, 771, 883, 551, 772, 945), (True, False, False))
((148, 132, 170, 771, 883, 551, 772, 945), (True, False, False))
((130, 104, 138, 642, 951, 611, 746, 865), (True, False, False))
((130, 104, 138, 642, 951, 611, 746, 865), (True, False, False))
((126, 93, 128, 628, 945, 631, 736, 818), (True, False, False))
((126, 93, 128, 628, 945, 631, 736, 818), (True, False, False))
((196, 120, 134, 606, 980, 604, 795, 942), (True, False, False))
((196, 120, 134, 606, 980, 604, 795, 942), (True, False, False))
((201, 116, 125, 587, 1023, 643, 749, 912), (True, False, False))
((201, 116, 125, 587, 1023, 643, 749, 912), (True, False, False))
((243, 156, 194, 684, 1078, 658, 784, 870), (True, False, False))
((243, 156, 194, 684, 1078, 658, 784, 870), (False, False, False))
((245, 164, 203, 764, 1032, 597, 696, 804), (False, False, False))
((245, 164, 203, 764, 1032, 597, 696, 804), (False, False, False))
((252, 166, 205, 760, 1036, 657, 778, 811), (False, False, False))
((252, 166, 205, 760, 1036, 657, 778, 811), (False, False, False))
((199, 154, 205, 748, 992, 602, 678, 715), (False, False, False))
((199, 154, 205, 748, 992, 602, 678, 715), (False, False, False))
((192, 160, 215, 738, 1014, 584, 693, 769), (False, False, False))
((192, 160, 215, 738, 1014, 584, 693, 769), (False, False, False))
((206, 138, 173, 705, 1006, 555, 755, 820), (False, False, False))
((206, 138, 173, 705, 1006, 555, 755, 820), (False, False, False))
((216, 139, 179, 688, 1068, 662, 776, 848), (False, False, False))
((216, 139, 179, 688, 1068, 662, 776, 848), (False, False, False))
((214, 140, 182, 700, 1091, 553, 682, 830), (False, False, False))
((214, 140, 182, 700, 1091, 553, 682, 830), (False, False, False))
((214, 140, 186, 707, 1040, 562, 751, 745), (False, False, False))
((214, 140, 186, 707, 1040, 562, 751, 745), (False, False, False))
((215, 142, 187, 740, 1083, 546, 737, 730), (False, False, False))
((215, 142, 187, 740, 1083, 546, 737, 730), (False, False, False))
((179, 135, 184, 724, 1037, 589, 614, 728), (False, False, False))
((179, 135, 184, 724, 1037, 589, 614, 728), (False, False, False))
((162, 124, 165, 652, 952, 471, 585, 743), (False, False, False))
((162, 124, 165, 652, 952, 471, 585, 743), (False, False, False))
((154, 118, 153, 616, 894, 454, 561, 743), (False, False, False))
((154, 118, 153, 616, 894, 454, 561, 743), (False, False, False))
((141, 107, 141, 612, 895, 419, 466, 719), (False, False, False))
((141, 107, 141, 612, 895, 419, 466, 719), (False, False, False))
((131, 89, 120, 564, 776, 441, 415, 660), (False, False, False))
((131, 89, 120, 564, 776, 441, 415, 660), (False, False, False))
((71, 65, 90, 459, 596, 316, 309, 506), (False, False, False))
((71, 65, 90, 459, 596, 316, 309, 506), (False, False, False))
((62, 60, 94, 413, 550, 288, 285, 368), (False, False, False))
((62, 60, 94, 413, 550, 288, 285, 368), (False, False, False))
((56, 53, 91, 385, 503, 274, 300, 379), (False, False, False))
((56, 53, 91, 385, 503, 274, 300, 379), (False, False, False))
((47, 45, 91, 326, 422, 263, 230, 336), (False, False, False))
((47, 45, 91, 326, 422, 263, 230, 336), (False, False, False))
((42, 39, 104, 219, 196, 134, 226, 327), (False, False, False))
((42, 39, 104, 219, 196, 134, 226, 327), (False, False, False))
((45, 54, 179, 239, 177, 124, 213, 320), (False, False, False))
((45, 54, 179, 239, 177, 124, 213, 320), (False, False, False))
((45, 57, 186, 375, 408, 103, 205, 319), (False, False, False))
((45, 57, 186, 375, 408, 103, 205, 319), (False, False, False))
((39, 59, 191, 389, 430, 92, 99, 127), (False, False, False))
((39, 59, 191, 389, 430, 92, 99, 127), (False, False, False))
((35, 59, 191, 400, 436, 90, 84, 114), (False, False, False))
((35, 59, 191, 400, 436, 90, 84, 114), (False, False, False))
((33, 56, 184, 405, 436, 75, 58, 92), (False, False, False))
((33, 56, 184, 405, 436, 75, 58, 92), (False, False, False))
((33, 50, 144, 388, 541, 101, 58, 69), (False, False, False))
((33, 50, 144, 388, 541, 101, 58, 69), (False, False, False))
((37, 52, 136, 318, 414, 112, 56, 58), (False, False, False))
((37, 52, 136, 318, 414, 112, 56, 58), (False, False, False))
((37, 52, 132, 323, 421, 132, 57, 42), (False, False, False))
((37, 52, 132, 323, 421, 132, 57, 42), (False, False, False))
((37, 52, 132, 323, 421, 132, 57, 42), (False, False, False))
((38, 54, 137, 339, 441, 139, 65, 41), (False, False, False))
((38, 54, 137, 339, 441, 139, 65, 41), (False, False, False))
((39, 55, 133, 311, 442, 138, 66, 40), (False, False, False))
((39, 55, 133, 311, 442, 138, 66, 40), (False, False, False))
((35, 51, 108, 373, 343, 121, 61, 34), (False, False, False))
((35, 51, 108, 373, 343, 121, 61, 34), (False, False, False))
((31, 45, 101, 344, 382, 111, 96, 36), (False, False, False))
((31, 45, 101, 344, 382, 111, 96, 36), (False, False, False))
((32, 48, 109, 357, 354, 105, 106, 39), (False, False, False))
((32, 48, 109, 357, 354, 105, 106, 39), (False, False, False))
((29, 47, 106, 338, 349, 100, 101, 36), (False, False, False))
((29, 47, 106, 338, 349, 100, 101, 36), (False, False, False))
((31, 47, 106, 335, 345, 103, 101, 37), (False, False, False))
((31, 47, 106, 335, 345, 103, 101, 37), (False, False, False))
((31, 41, 92, 268, 308, 104, 104, 37), (False, False, False))
((31, 41, 92, 268, 308, 104, 104, 37), (False, False, False))
((36, 45, 103, 351, 362, 108, 82, 35), (False, False, False))
((36, 45, 103, 351, 362, 108, 82, 35), (False, False, False))
((42, 44, 97, 347, 368, 97, 74, 34), (False, False, False))
((42, 44, 97, 347, 368, 97, 74, 34), (False, False, False))
((47, 44, 99, 363, 362, 99, 96, 36), (False, False, False))
((47, 44, 99, 363, 362, 99, 96, 36), (False, False, False))
((53, 46, 105, 372, 372, 93, 97, 37), (False, False, False))
((53, 46, 105, 372, 372, 93, 97, 37), (False, False, False))
((56, 47, 102, 362, 367, 96, 146, 42), (False, False, False))
((56, 47, 102, 362, 367, 96, 146, 42), (False, False, False))
((54, 42, 90, 280, 251, 97, 150, 42), (False, False, False))
((54, 42, 90, 280, 251, 97, 150, 42), (False, False, False))
((48, 40, 81, 245, 257, 100, 164, 43), (False, False, False))
((48, 40, 81, 245, 257, 100, 164, 43), (False, False, False))
((49, 45, 77, 222, 275, 150, 213, 62), (False, False, False))
((49, 45, 77, 222, 275, 150, 213, 62), (False, False, False))
((83, 120, 92, 220, 298, 311, 349, 127), (False, False, False))
((83, 120, 92, 220, 298, 311, 349, 127), (False, False, False))
((108, 132, 106, 234, 308, 370, 460, 138), (False, False, False))
((108, 132, 106, 234, 308, 370, 460, 138), (False, False, False))
((116, 139, 120, 255, 330, 416, 537, 142), (False, False, False))
((116, 139, 120, 255, 330, 416, 537, 142), (False, False, False))
((125, 150, 130, 253, 323, 471, 583, 151), (False, False, False))
((125, 150, 130, 253, 323, 471, 583, 151), (False, False, False))
((168, 219, 131, 259, 293, 471, 636, 167), (False, False, False))
((168, 219, 131, 259, 293, 471, 636, 167), (False, False, False))
((192, 211, 148, 351, 580, 475, 692, 212), (False, False, False))
((192, 211, 148, 351, 580, 475, 692, 212), (False, False, False))
((192, 230, 166, 382, 718, 466, 718, 230), (True, False, False))
((192, 230, 166, 382, 718, 466, 718, 230), (True, False, False))
((271, 272, 176, 376, 848, 560, 772, 249), (True, False, False))
((271, 272, 176, 376, 848, 560, 772, 249), (True, False, False))
((414, 397, 192, 421, 967, 625, 811, 351), (True, False, False))
((414, 397, 192, 421, 967, 625, 811, 351), (True, False, False))
((442, 434, 222, 540, 1100, 695, 852, 445), (True, False, False))
((442, 434, 222, 540, 1100, 695, 852, 445), (True, False, False))
((474, 440, 213, 526, 1075, 717, 816, 476), (True, False, False))
((474, 440, 213, 526, 1075, 717, 816, 476), (True, False, False))
((526, 463, 214, 518, 1030, 716, 814, 515), (True, False, False))
((526, 463, 214, 518, 1030, 716, 814, 515), (True, False, False))
((526, 463, 214, 518, 1030, 716, 814, 515), (True, False, False))
((558, 526, 213, 515, 987, 708, 795, 594), (True, False, False))
((558, 526, 213, 515, 987, 708, 795, 594), (True, False, False))
((481, 473, 198, 484, 906, 624, 778, 650), (True, False, False))
((481, 473, 198, 484, 906, 624, 778, 650), (True, False, False))
((501, 449, 168, 364, 787, 564, 704, 647), (True, False, False))
((501, 449, 168, 364, 787, 564, 704, 647), (True, False, False))
((511, 445, 173, 361, 711, 484, 685, 750), (True, False, False))
((511, 445, 173, 361, 711, 484, 685, 750), (True, False, False))
((466, 422, 150, 339, 657, 461, 648, 743), (True, False, False))
((466, 422, 150, 339, 657, 461, 648, 743), (True, False, False))
((417, 344, 137, 335, 717, 409, 664, 696), (True, False, False))
((417, 344, 137, 335, 717, 409, 664, 696), (True, False, False))
((413, 303, 148, 373, 763, 424, 776, 600), (True, False, False))
((413, 303, 148, 373, 763, 424, 776, 600), (True, False, False))
((374, 269, 154, 407, 785, 465, 866, 581), (True, False, False))
((374, 269, 154, 407, 785, 465, 866, 581), (True, False, False))
((419, 357, 143, 399, 833, 556, 848, 442), (True, False, False))
((419, 357, 143, 399, 833, 556, 848, 442), (True, False, False))
((458, 359, 147, 428, 1026, 575, 848, 522), (True, False, False))
((458, 359, 147, 428, 1026, 575, 848, 522), (False, False, False))
((436, 333, 175, 459, 1008, 568, 877, 531), (False, False, False))
((436, 333, 175, 459, 1008, 568, 877, 531), (False, False, False))
((434, 348, 169, 439, 985, 605, 847, 546), (False, False, False))
((434, 348, 169, 439, 985, 605, 847, 546), (False, False, False))
((506, 367, 163, 424, 958, 674, 806, 545), (False, True, False))
((506, 367, 163, 424, 958, 674, 806, 545), (False, True, False))
((418, 310, 159, 385, 875, 595, 820, 568), (False, True, False))
((418, 310, 159, 385, 875, 595, 820, 568), (False, True, False))
((369, 291, 152, 406, 782, 591, 804, 484), (False, True, False))
((369, 291, 152, 406, 782, 591, 804, 484), (False, True, False))
((360, 283, 116, 398, 714, 556, 715, 449), (False, True, False))
((360, 283, 116, 398, 714, 556, 715, 449), (False, True, False))
((375, 274, 106, 389, 727, 496, 568, 450), (False, True, False))
((375, 274, 106, 389, 727, 496, 568, 450), (False, True, False))
((253, 307, 121, 365, 757, 319, 505, 462), (False, True, False))
((253, 307, 121, 365, 757, 319, 505, 462), (False, True, False))
((244, 270, 117, 372, 766, 323, 477, 371), (False, True, False))
((244, 270, 117, 372, 766, 323, 477, 371), (False, True, False))
((239, 273, 121, 313, 628, 311, 436, 333), (False, True, False))
((239, 273, 121, 313, 628, 311, 436, 333), (False, True, False))
((236, 271, 120, 287, 661, 272, 359, 328), (False, True, False))
((236, 271, 120, 287, 661, 272, 359, 328), (False, True, False))
((176, 249, 115, 284, 599, 261, 353, 289), (False, True, False))
((176, 249, 115, 284, 599, 261, 353, 289), (False, True, False))
((126, 127, 90, 257, 527, 231, 265, 132), (False, True, False))
((126, 127, 90, 257, 527, 231, 265, 132), (False, True, False))
((113, 102, 93, 246, 494, 186, 234, 96), (False, True, False))
((113, 102, 93, 246, 494, 186, 234, 96), (False, True, False))
((90, 86, 82, 247, 466, 128, 186, 88), (False, True, False))
((90, 86, 82, 247, 466, 128, 186, 88), (False, True, False))
((99, 135, 75, 253, 292, 98, 173, 65), (False, True, False))
((99, 135, 75, 253, 292, 98, 173, 65), (False, True, False))
((170, 180, 78, 243, 245, 82, 143, 51), (False, True, False))
((170, 180, 78, 243, 245, 82, 143, 51), (False, True, False))
((171, 190, 79, 243, 187, 80, 130, 47), (False, True, False))
((171, 190, 79, 243, 187, 80, 130, 47), (False, True, False))
((174, 193, 70, 233, 167, 78, 74, 42), (False, True, False))
((174, 193, 70, 233, 167, 78, 74, 42), (False, True, False))
((175, 193, 69, 213, 193, 72, 55, 39), (False, True, False))
((175, 193, 69, 213, 193, 72, 55, 39), (False, True, False))
((161, 157, 75, 186, 210, 74, 55, 35), (False, True, False))
((161, 157, 75, 186, 210, 74, 55, 35), (False, True, False))
((83, 95, 73, 212, 196, 69, 52, 35), (False, True, False))
((83, 95, 73, 212, 196, 69, 52, 35), (False, True, False))
((71, 69, 66, 212, 199, 60, 46, 32), (False, True, False))
((71, 69, 66, 212, 199, 60, 46, 32), (False, True, False))
((71, 69, 66, 212, 199, 60, 46, 32), (False, True, False))
((62, 59, 61, 254, 207, 60, 40, 31), (False, True, False))
((62, 59, 61, 254, 207, 60, 40, 31), (False, True, False))
((55, 53, 66, 272, 190, 62, 38, 29), (False, True, False))
((55, 53, 66, 272, 190, 62, 38, 29), (False, True, False))
((51, 53, 69, 248, 159, 63, 35, 29), (False, True, False))
((51, 53, 69, 248, 159, 63, 35, 29), (False, True, False))
((48, 51, 78, 300, 169, 62, 34, 27), (False, True, False))
((48, 51, 78, 300, 169, 62, 34, 27), (False, True, False))
((44, 49, 79, 298, 181, 62, 34, 25), (False, True, False))
((44, 49, 79, 298, 181, 62, 34, 25), (False, True, False))
((50, 74, 82, 269, 163, 58, 33, 26), (False, True, False))
((50, 74, 82, 269, 163, 58, 33, 26), (False, True, False))
((57, 95, 79, 262, 160, 55, 32, 27), (False, True, False))
((57, 95, 79, 262, 160, 55, 32, 27), (False, True, False))
((59, 95, 76, 278, 210, 49, 31, 27), (False, True, False))
((59, 95, 76, 278, 210, 49, 31, 27), (False, True, False))
((52, 93, 68, 200, 210, 42, 30, 27), (False, True, False))
((52, 93, 68, 200, 210, 42, 30, 27), (False, True, False))
((55, 99, 70, 220, 242, 42, 29, 27), (False, False, False))
((55, 99, 70, 220, 242, 42, 29, 27), (False, False, False))
((49, 84, 64, 210, 246, 46, 28, 25), (False, False, False))
((49, 84, 64, 210, 246, 46, 28, 25), (False, False, False))
((39, 59, 67, 218, 248, 49, 30, 27), (False, False, False))
((39, 59, 67, 218, 248, 49, 30, 27), (False, False, True))
((33, 55, 59, 232, 201, 48, 30, 27), (False, False, True))
((33, 55, 59, 232, 201, 48, 30, 27), (False, False, True))
((32, 54, 54, 228, 186, 50, 30, 25), (False, False, True))
((32, 54, 54, 228, 186, 50, 30, 25), (False, False, True))
((24, 43, 58, 268, 127, 50, 32, 27), (False, False, False))
((24, 43, 58, 268, 127, 50, 32, 27), (False, False, False))
((26, 38, 59, 264, 116, 47, 34, 26), (False, False, False))
((26, 38, 59, 264, 116, 47, 34, 26), (False, False, False))
((27, 39, 53, 243, 102, 45, 32, 25), (False, False, False))
((27, 39, 53, 243, 102, 45, 32, 25), (False, False, False))
((27, 36, 52, 209, 100, 53, 30, 23), (False, False, False))
((27, 36, 52, 209, 100, 53, 30, 23), (False, False, False))
((26, 33, 55, 210, 104, 53, 27, 22), (False, False, False))
((26, 33, 55, 210, 104, 53, 27, 22), (False, False, False))
((28, 41, 68, 166, 129, 51, 27, 21), (False, False, False))
((28, 41, 68, 166, 129, 51, 27, 21), (False, False, False))
((29, 46, 78, 169, 155, 49, 30, 24), (False, False, False))
((29, 46, 78, 169, 155, 49, 30, 24), (False, False, False))
((28, 45, 82, 166, 162, 54, 33, 23), (False, False, False))
((28, 45, 82, 166, 162, 54, 33, 23), (False, False, False))
((31, 51, 88, 170, 163, 46, 34, 25), (False, False, False))
((31, 51, 88, 170, 163, 46, 34, 25), (False, False, False))
((32, 51, 92, 168, 163, 44, 35, 26), (False, False, False))
((32, 51, 92, 168, 163, 44, 35, 26), (False, False, False))
((33, 46, 88, 128, 126, 44, 34, 25), (False, False, False))
((33, 46, 88, 128, 126, 44, 34, 25), (False, False, False))
((33, 45, 83, 115, 100, 43, 30, 23), (False, False, False))
((33, 45, 83, 115, 100, 43, 30, 23), (False, False, False))
((33, 51, 100, 146, 87, 39, 29, 24), (False, False, False))
((33, 51, 100, 146, 87, 39, 29, 24), (False, False, False))
((31, 45, 93, 169, 119, 45, 27, 24), (False, False, False))
((31, 45, 93, 169, 119, 45, 27, 24), (False, False, False))
((30, 44, 92, 194, 129, 53, 28, 25), (False, False, False))
((30, 44, 92, 194, 129, 53, 28, 25), (False, False, False))
((28, 42, 83, 192, 136, 54, 27, 25), (False, False, False))
((28, 42, 83, 192, 136, 54, 27, 25), (False, False, False))
((26, 39, 88, 208, 136, 56, 34, 28), (False, False, False))
((26, 39, 88, 208, 136, 56, 34, 28), (False, False, False))
((28, 30, 79, 192, 151, 58, 32, 27), (False, False, False))
((28, 30, 79, 192, 151, 58, 32, 27), (False, False, False))
((27, 33, 89, 179, 130, 52, 33, 28), (False, False, False))
((27, 33, 89, 179, 130, 52, 33, 28), (False, False, False))
((28, 36, 88, 164, 142, 46, 33, 29), (False, False, False))
((28, 36, 88, 164, 142, 46, 33, 29), (False, False, False))
((27, 35, 85, 199, 146, 46, 35, 28), (False, False, False))
((27, 35, 85, 199, 146, 46, 35, 28), (False, False, False))
((29, 39, 83, 203, 147, 55, 31, 36), (False, False, False))
((29, 39, 83, 203, 147, 55, 31, 36), (False, False, False))
((54, 38, 77, 200, 135, 55, 34, 50), (False, False, False))
((54, 38, 77, 200, 135, 55, 34, 50), (False, False, False))
((66, 37, 70, 218, 142, 61, 35, 90), (False, False, False))
((66, 37, 70, 218, 142, 61, 35, 90), (False, False, False))
((77, 39, 70, 231, 217, 66, 37, 97), (False, False, False))
((77, 39, 70, 231, 217, 66, 37, 97), (False, False, False))
((137, 59, 76, 267, 259, 76, 39, 126), (False, False, False))
((137, 59, 76, 267, 259, 76, 39, 126), (False, False, False))
((227, 94, 72, 307, 266, 76, 182, 368), (False, False, False))
((227, 94, 72, 307, 266, 76, 182, 368), (False, False, False))
((244, 169, 75, 355, 356, 101, 319, 527), (False, False, False))
((244, 169, 75, 355, 356, 101, 319, 527), (False, False, False))
((303, 252, 101, 435, 450, 202, 367, 633), (False, False, False))
((303, 252, 101, 435, 450, 202, 367, 633), (False, False, False))
((394, 336, 111, 481, 452, 217, 573, 969), (False, False, False))
((394, 336, 111, 481, 452, 217, 573, 969), (False, False, False))
((505, 370, 148, 614, 534, 365, 615, 1087), (False, False, False))
((505, 370, 148, 614, 534, 365, 615, 1087), (False, False, False))
((546, 372, 153, 675, 601, 412, 649, 1135), (False, False, False))
((546, 372, 153, 675, 601, 412, 649, 1135), (False, False, False))
((747, 365, 193, 815, 682, 477, 703, 1220), (False, False, False))
((747, 365, 193, 815, 682, 477, 703, 1220), (False, False, False))
((770, 335, 207, 899, 755, 555, 716, 1251), (False, False, False))
((770, 335, 207, 899, 755, 555, 716, 1251), (False, False, False))
((793, 254, 208, 937, 757, 612, 706, 1091), (False, False, False))
((793, 254, 208, 937, 757, 612, 706, 1091), (False, False, False))
((768, 204, 192, 929, 706, 564, 703, 1064), (False, False, False))
((768, 204, 192, 929, 706, 564, 703, 1064), (False, False, False))
((757, 210, 195, 962, 662, 548, 659, 1010), (False, False, False))
((757, 210, 195, 962, 662, 548, 659, 1010), (False, False, False))
((581, 176, 153, 917, 663, 568, 595, 879), (False, False, False))
((581, 176, 153, 917, 663, 568, 595, 879), (False, False, False))
((576, 146, 123, 853, 612, 495, 596, 818), (False, False, False))
((576, 146, 123, 853, 612, 495, 596, 818), (False, False, False))
((546, 191, 122, 803, 595, 449, 471, 831), (False, False, False))
((546, 191, 122, 803, 595, 449, 471, 831), (False, False, False))
((546, 191, 122, 803, 595, 449, 471, 831), (False, False, False))
((503, 193, 114, 721, 584, 425, 461, 906), (False, False, False))
((503, 193, 114, 721, 584, 425, 461, 906), (False, False, False))
((546, 175, 113, 739, 595, 453, 508, 980), (False, False, False))
((546, 175, 113, 739, 595, 453, 508, 980), (False, False, False))
((524, 175, 122, 697, 485, 478, 504, 979), (False, False, False))
((524, 175, 122, 697, 485, 478, 504, 979), (False, False, False))
((504, 176, 127, 703, 385, 471, 462, 984), (False, False, False))
((504, 176, 127, 703, 385, 471, 462, 984), (False, False, False))
((512, 124, 133, 763, 423, 458, 459, 1030), (False, False, False))
((512, 124, 133, 763, 423, 458, 459, 1030), (False, False, False))
((497, 120, 137, 762, 499, 543, 478, 943), (False, False, False))
((497, 120, 137, 762, 499, 543, 478, 943), (False, False, False))
((398, 114, 129, 659, 499, 518, 437, 835), (False, False, False))
((398, 114, 129, 659, 499, 518, 437, 835), (False, False, False))
((404, 111, 118, 609, 479, 493, 375, 787), (False, False, False))
((404, 111, 118, 609, 479, 493, 375, 787), (False, False, False))
((374, 90, 100, 712, 483, 479, 440, 783), (False, False, False))
((374, 90, 100, 712, 483, 479, 440, 783), (False, False, False))
((284, 83, 84, 658, 491, 483, 402, 602), (False, False, False))
((284, 83, 84, 658, 491, 483, 402, 602), (False, False, False))
((279, 72, 69, 687, 455, 446, 365, 576), (False, False, False))
((279, 72, 69, 687, 455, 446, 365, 576), (False, False, False))
((271, 64, 71, 701, 506, 434, 391, 602), (False, False, False))
((271, 64, 71, 701, 506, 434, 391, 602), (False, False, False))
((264, 73, 96, 744, 507, 399, 436, 651), (False, False, False))
((264, 73, 96, 744, 507, 399, 436, 651), (False, False, False))
((236, 69, 96, 570, 517, 402, 373, 643), (False, False, False))
((236, 69, 96, 570, 517, 402, 373, 643), (False, False, False))
((209, 70, 97, 535, 475, 424, 365, 641), (False, False, False))
((209, 70, 97, 535, 475, 424, 365, 641), (False, False, False))
((217, 71, 96, 540, 470, 365, 341, 562), (False, False, False))
((217, 71, 96, 540, 470, 365, 341, 562), (False, False, False))
((199, 78, 115, 477, 403, 359, 277, 488), (False, False, False))
((199, 78, 115, 477, 403, 359, 277, 488), (False, False, False))
((163, 68, 98, 364, 381, 277, 185, 420), (False, False, False))
((163, 68, 98, 364, 381, 277, 185, 420), (False, False, False))
((154, 71, 118, 351, 318, 247, 143, 295), (False, False, False))
((154, 71, 118, 351, 318, 247, 143, 295), (False, False, False))
((140, 65, 115, 331, 303, 144, 128, 251), (False, False, True))
((140, 65, 115, 331, 303, 144, 128, 251), (False, False, True))
((79, 60, 118, 178, 218, 83, 75, 206), (False, False, True))
((79, 60, 118, 178, 218, 83, 75, 206), (False, False, True))
((49, 50, 108, 153, 153, 62, 65, 176), (False, False, True))
((49, 50, 108, 153, 153, 62, 65, 176), (False, False, True))
((47, 50, 113, 149, 172, 56, 50, 112), (False, False, True))
((47, 50, 113, 149, 172, 56, 50, 112), (False, False, True))
((43, 49, 97, 152, 235, 55, 40, 89), (False, False, True))
((43, 49, 97, 152, 235, 55, 40, 89), (False, False, False))
((38, 52, 103, 198, 265, 60, 39, 78), (False, False, False))
((38, 52, 103, 198, 265, 60, 39, 78), (False, False, False))
((33, 52, 97, 198, 275, 60, 39, 55), (False, False, False))
((33, 52, 97, 198, 275, 60, 39, 55), (False, False, False))
((28, 47, 85, 198, 296, 59, 41, 43), (False, False, False))
((28, 47, 85, 198, 296, 59, 41, 43), (False, False, False))
((28, 47, 85, 198, 296, 59, 41, 43), (False, False, False))
((30, 47, 83, 218, 300, 63, 42, 34), (False, False, False))
((30, 47, 83, 218, 300, 63, 42, 34), (False, False, False))
((29, 44, 92, 231, 288, 63, 41, 27), (False, False, False))
((29, 44, 92, 231, 288, 63, 41, 27), (False, False, False))
((29, 43, 89, 198, 298, 54, 42, 27), (False, False, False))
((29, 43, 89, 198, 298, 54, 42, 27), (True, False, False))
((30, 45, 95, 202, 305, 50, 40, 26), (True, False, False))
((30, 45, 95, 202, 305, 50, 40, 26), (True, False, False))
((30, 47, 96, 209, 350, 50, 40, 27), (True, False, False))
((30, 47, 96, 209, 350, 50, 40, 27), (True, False, False))
((27, 46, 92, 185, 358, 51, 40, 26), (True, False, False))
((27, 46, 92, 185, 358, 51, 40, 26), (True, False, False))
((28, 45, 80, 140, 366, 54, 39, 29), (True, False, False))
((28, 45, 80, 140, 366, 54, 39, 29), (True, False, False))
((25, 40, 77, 165, 416, 63, 32, 29), (True, False, False))
((25, 40, 77, 165, 416, 63, 32, 29), (True, False, False))
((28, 40, 72, 172, 417, 67, 37, 30), (True, False, False))
((28, 40, 72, 172, 417, 67, 37, 30), (True, False, False))
((28, 37, 74, 166, 366, 65, 37, 30), (True, False, False))
((28, 37, 74, 166, 366, 65, 37, 30), (True, False, False))
((27, 36, 94, 174, 347, 62, 44, 33), (False, False, False))
((27, 36, 94, 174, 347, 62, 44, 33), (False, False, False))
((27, 36, 97, 179, 313, 62, 48, 32), (False, False, False))
((27, 36, 97, 179, 313, 62, 48, 32), (False, False, False))
((27, 37, 97, 149, 235, 57, 47, 31), (False, False, True))
((27, 37, 97, 149, 235, 57, 47, 31), (False, False, True))
((23, 35, 100, 125, 237, 53, 50, 29), (False, False, True))
((23, 35, 100, 125, 237, 53, 50, 29), (False, False, True))
((29, 41, 99, 123, 329, 59, 75, 31), (False, False, True))
((29, 41, 99, 123, 329, 59, 75, 31), (False, False, True))
((50, 42, 81, 125, 354, 67, 78, 70), (False, False, True))
((50, 42, 81, 125, 354, 67, 78, 70), (False, False, True))
((51, 40, 73, 132, 353, 64, 81, 72), (False, False, True))
((51, 40, 73, 132, 353, 64, 81, 72), (False, False, True))
((53, 42, 72, 149, 338, 66, 83, 74), (False, False, True))
((53, 42, 72, 149, 338, 66, 83, 74), (False, False, True))
((56, 46, 73, 153, 342, 66, 85, 76), (False, False, True))
((56, 46, 73, 153, 342, 66, 85, 76), (False, False, True))
((54, 42, 69, 156, 266, 72, 86, 77), (False, False, True))
((54, 42, 69, 156, 266, 72, 86, 77), (False, False, True))
((42, 47, 74, 159, 215, 80, 92, 51), (False, False, True))
((42, 47, 74, 159, 215, 80, 92, 51), (False, False, True))
((44, 55, 81, 152, 223, 89, 99, 50), (False, False, True))
((44, 55, 81, 152, 223, 89, 99, 50), (False, False, True))
((44, 55, 82, 137, 221, 100, 140, 53), (False, False, True))
((44, 55, 82, 137, 221, 100, 140, 53), (False, False, True))
((42, 55, 76, 132, 211, 104, 139, 49), (False, False, True))
((42, 55, 76, 132, 211, 104, 139, 49), (False, False, True))
((43, 55, 75, 137, 209, 100, 134, 47), (False, False, True))
((43, 55, 75, 137, 209, 100, 134, 47), (False, False, True))
((38, 47, 70, 129, 246, 90, 125, 41), (False, False, True))
((38, 47, 70, 129, 246, 90, 125, 41), (False, False, True))
((35, 43, 70, 122, 245, 82, 118, 37), (False, False, True))
((35, 43, 70, 122, 245, 82, 118, 37), (False, False, True))
((37, 45, 64, 118, 232, 64, 71, 32), (False, False, True))
((37, 45, 64, 118, 232, 64, 71, 32), (False, False, True))
((33, 43, 73, 118, 207, 57, 67, 31), (False, False, True))
((33, 43, 73, 118, 207, 57, 67, 31), (False, False, True))
((34, 49, 103, 134, 272, 58, 57, 33), (False, False, True))
((34, 49, 103, 134, 272, 58, 57, 33), (False, False, True))
((33, 48, 99, 148, 272, 55, 55, 30), (False, False, True))
((33, 48, 99, 148, 272, 55, 55, 30), (False, False, True))
((32, 45, 96, 148, 266, 64, 52, 29), (False, False, True))
((32, 45, 96, 148, 266, 64, 52, 29), (False, False, True))
((27, 41, 97, 151, 269, 65, 40, 27), (False, False, True))
((27, 41, 97, 151, 269, 65, 40, 27), (False, False, True))
((29, 44, 104, 151, 266, 64, 40, 28), (False, False, True))
((29, 44, 104, 151, 266, 64, 40, 28), (False, False, True))
((28, 43, 87, 121, 184, 58, 30, 26), (False, False, True))
((28, 43, 87, 121, 184, 58, 30, 26), (False, False, True))
((29, 43, 89, 95, 129, 60, 30, 25), (False, False, True))
((29, 43, 89, 95, 129, 60, 30, 25), (False, False, True))
((31, 42, 95, 108, 201, 55, 31, 28), (False, False, True))
((31, 42, 95, 108, 201, 55, 31, 28), (False, False, True))
((34, 43, 97, 107, 275, 60, 35, 28), (False, False, True))
((34, 43, 97, 107, 275, 60, 35, 28), (False, False, True))
((33, 37, 81, 110, 281, 63, 33, 28), (False, False, True))
((33, 37, 81, 110, 281, 63, 33, 28), (False, False, True))
((32, 32, 66, 107, 286, 61, 33, 26), (False, False, True))
((32, 32, 66, 107, 286, 61, 33, 26), (False, False, True))
((31, 38, 64, 106, 287, 60, 31, 26), (False, False, True))
((31, 38, 64, 106, 287, 60, 31, 26), (False, False, True))
((30, 41, 55, 107, 261, 51, 31, 25), (False, False, True))
((30, 41, 55, 107, 261, 51, 31, 25), (False, False, True))
((28, 42, 55, 117, 233, 46, 28, 25), (False, False, True))
((28, 42, 55, 117, 233, 46, 28, 25), (False, False, True))
((29, 46, 63, 170, 271, 51, 35, 27), (False, False, True))
((29, 46, 63, 170, 271, 51, 35, 27), (False, False, True))
((28, 47, 63, 177, 276, 52, 34, 26), (False, False, True))
((28, 47, 63, 177, 276, 52, 34, 26), (False, False, True))
((34, 43, 61, 180, 279, 52, 35, 27), (False, False, True))
((34, 43, 61, 180, 279, 52, 35, 27), (False, False, True))
((41, 54, 60, 182, 282, 53, 34, 27), (False, False, True))
((41, 54, 60, 182, 282, 53, 34, 27), (False, False, True))
((79, 87, 58, 192, 353, 59, 37, 121), (False, False, True))
((79, 87, 58, 192, 353, 59, 37, 121), (False, False, True))
((93, 105, 59, 159, 355, 57, 38, 150), (False, False, True))
((93, 105, 59, 159, 355, 57, 38, 150), (False, False, True))
((125, 112, 63, 192, 365, 71, 186, 327), (False, False, True))
((125, 112, 63, 192, 365, 71, 186, 327), (False, False, True))
((152, 122, 63, 205, 375, 73, 225, 374), (False, False, True))
((152, 122, 63, 205, 375, 73, 225, 374), (False, False, True))
((159, 129, 79, 313, 425, 88, 280, 413), (False, False, False))
((159, 129, 79, 313, 425, 88, 280, 413), (False, False, False))
((156, 131, 92, 311, 528, 106, 340, 455), (False, False, False))
((156, 131, 92, 311, 528, 106, 340, 455), (False, False, False))
((164, 131, 99, 327, 597, 203, 524, 626), (False, False, False))
((164, 131, 99, 327, 597, 203, 524, 626), (False, False, False))
((173, 266, 118, 400, 641, 393, 627, 745), (False, False, False))
((173, 266, 118, 400, 641, 393, 627, 745), (False, False, False))
((225, 297, 138, 522, 832, 490, 707, 877), (False, False, False))
((225, 297, 138, 522, 832, 490, 707, 877), (False, False, False))
((233, 306, 144, 574, 981, 542, 756, 905), (False, False, False))
((233, 306, 144, 574, 981, 542, 756, 905), (False, False, False))
((260, 308, 215, 681, 1093, 619, 827, 1004), (False, False, False))
((260, 308, 215, 681, 1093, 619, 827, 1004), (False, False, False))
((276, 329, 239, 766, 1164, 643, 828, 1030), (False, False, False))
((276, 329, 239, 766, 1164, 643, 828, 1030), (False, False, False))
((278, 238, 247, 837, 1216, 582, 798, 1015), (False, False, False))
((278, 238, 247, 837, 1216, 582, 798, 1015), (False, False, False))
((238, 209, 287, 864, 1182, 568, 802, 997), (False, False, False))
((238, 209, 287, 864, 1182, 568, 802, 997), (False, False, False))
((262, 217, 327, 860, 1170, 662, 865, 1065), (False, False, False))
((262, 217, 327, 860, 1170, 662, 865, 1065), (False, False, False))
((239, 208, 285, 888, 1109, 648, 839, 1055), (False, False, False))
((239, 208, 285, 888, 1109, 648, 839, 1055), (False, False, False))
((224, 178, 280, 893, 1055, 644, 799, 1087), (False, False, False))
((224, 178, 280, 893, 1055, 644, 799, 1087), (False, False, False))
((245, 190, 296, 937, 1076, 645, 888, 1055), (False, False, False))
((245, 190, 296, 937, 1076, 645, 888, 1055), (False, False, False))
((254, 185, 272, 960, 1088, 675, 909, 1017), (False, False, False))
((254, 185, 272, 960, 1088, 675, 909, 1017), (False, False, False))
((234, 171, 236, 1015, 1097, 681, 809, 971), (False, False, False))
((234, 171, 236, 1015, 1097, 681, 809, 971), (False, False, False))
((259, 183, 243, 965, 1012, 654, 830, 988), (False, False, False))
((259, 183, 243, 965, 1012, 654, 830, 988), (False, False, False))
((257, 190, 271, 918, 1026, 672, 825, 895), (False, False, False))
((257, 190, 271, 918, 1026, 672, 825, 895), (False, False, False))
((292, 209, 275, 863, 958, 689, 766, 919), (False, False, False))
((292, 209, 275, 863, 958, 689, 766, 919), (False, False, False))
((279, 199, 255, 836, 908, 668, 740, 970), (False, False, False))
((279, 199, 255, 836, 908, 668, 740, 970), (False, False, False))
((265, 186, 242, 737, 776, 546, 737, 925), (False, False, False))
((265, 186, 242, 737, 776, 546, 737, 925), (False, False, False))
((265, 186, 242, 737, 776, 546, 737, 925), (False, False, False))
((238, 174, 239, 754, 926, 526, 681, 856), (False, False, False))
((238, 174, 239, 754, 926, 526, 681, 856), (False, False, False))
((414, 173, 219, 860, 1018, 491, 676, 983), (False, False, False))
((414, 173, 219, 860, 1018, 491, 676, 983), (False, False, False))
((386, 130, 179, 880, 1108, 491, 603, 970), (False, False, False))
((386, 130, 179, 880, 1108, 491, 603, 970), (False, False, False))
((395, 131, 179, 833, 1147, 518, 534, 874), (False, False, False))
((395, 131, 179, 833, 1147, 518, 534, 874), (False, False, True))
((402, 126, 168, 815, 1146, 506, 534, 898), (False, False, True))
((402, 126, 168, 815, 1146, 506, 534, 898), (False, False, True))
((400, 122, 159, 826, 1040, 507, 532, 842), (False, False, True))
((400, 122, 159, 826, 1040, 507, 532, 842), (False, False, True))
((209, 92, 103, 693, 880, 483, 460, 609), (False, False, True))
((209, 92, 103, 693, 880, 483, 460, 609), (False, False, True))
((162, 78, 88, 555, 729, 411, 428, 506), (False, False, True))
((162, 78, 88, 555, 729, 411, 428, 506), (False, False, True))
((125, 72, 89, 488, 558, 247, 379, 464), (False, False, True))
((125, 72, 89, 488, 558, 247, 379, 464), (False, False, True))
((91, 73, 90, 461, 548, 204, 341, 368), (False, False, True))
((91, 73, 90, 461, 548, 204, 341, 368), (False, False, True))
((84, 65, 94, 309, 509, 160, 247, 329), (False, False, True))
((84, 65, 94, 309, 509, 160, 247, 329), (False, False, True))
((58, 54, 96, 348, 576, 102, 226, 270), (False, False, True))
((58, 54, 96, 348, 576, 102, 226, 270), (False, False, True))
((104, 129, 102, 333, 567, 96, 131, 140), (False, False, True))
((104, 129, 102, 333, 567, 96, 131, 140), (False, False, True))
((154, 150, 99, 317, 579, 94, 95, 96), (False, False, True))
((154, 150, 99, 317, 579, 94, 95, 96), (False, False, True))
((174, 154, 100, 316, 517, 95, 77, 76), (False, False, True))
((174, 154, 100, 316, 517, 95, 77, 76), (False, False, True))
((178, 154, 97, 324, 466, 78, 58, 60), (False, False, True))
((178, 154, 97, 324, 466, 78, 58, 60), (False, False, True))
((180, 155, 95, 273, 333, 61, 52, 55), (False, False, True))
((180, 155, 95, 273, 333, 61, 52, 55), (False, False, True))
((159, 106, 94, 254, 289, 53, 39, 37), (False, False, True))
((159, 106, 94, 254, 289, 53, 39, 37), (False, False, True))
((159, 106, 94, 254, 289, 53, 39, 37), (False, False, True))
((107, 74, 108, 298, 285, 52, 37, 33), (False, False, True))
((107, 74, 108, 298, 285, 52, 37, 33), (False, False, True))
((67, 66, 109, 295, 297, 51, 37, 29), (False, False, True))
((67, 66, 109, 295, 297, 51, 37, 29), (False, False, True))
((53, 61, 111, 318, 323, 49, 49, 26), (False, False, True))
((53, 61, 111, 318, 323, 49, 49, 26), (False, False, True))
((42, 58, 108, 303, 298, 46, 79, 26), (False, False, True))
((42, 58, 108, 303, 298, 46, 79, 26), (False, False, True))
((43, 62, 142, 357, 288, 62, 108, 35), (False, False, True))
((43, 62, 142, 357, 288, 62, 108, 35), (False, False, True))
((40, 63, 133, 323, 251, 66, 111, 38), (False, False, True))
((40, 63, 133, 323, 251, 66, 111, 38), (False, False, True))
((39, 60, 129, 317, 220, 67, 113, 39), (False, False, True))
((39, 60, 129, 317, 220, 67, 113, 39), (False, False, True))
((39, 61, 126, 358, 182, 68, 109, 38), (False, False, True))
((39, 61, 126, 358, 182, 68, 109, 38), (False, False, True))
((40, 62, 129, 380, 202, 69, 137, 37), (False, False, True))
((40, 62, 129, 380, 202, 69, 137, 37), (False, False, True))
((33, 48, 86, 350, 201, 71, 187, 30), (False, False, True))
((33, 48, 86, 350, 201, 71, 187, 30), (False, False, True))
((92, 42, 81, 380, 195, 80, 213, 111), (False, False, True))
((92, 42, 81, 380, 195, 80, 213, 111), (False, False, True))
((166, 43, 82, 383, 203, 82, 261, 182), (False, False, True))
((166, 43, 82, 383, 203, 82, 261, 182), (False, False, True))
((186, 47, 79, 298, 215, 112, 329, 206), (False, False, True))
((186, 47, 79, 298, 215, 112, 329, 206), (False, False, True))
((191, 51, 88, 303, 289, 122, 327, 212), (False, False, True))
((191, 51, 88, 303, 289, 122, 327, 212), (False, False, True))
((193, 50, 89, 340, 306, 119, 298, 225), (False, False, True))
((193, 50, 89, 340, 306, 119, 298, 225), (False, False, True))
((174, 48, 90, 313, 305, 111, 287, 205), (False, False, True))
((174, 48, 90, 313, 305, 111, 287, 205), (False, False, True))
((108, 49, 99, 324, 300, 122, 299, 154), (False, False, True))
((108, 49, 99, 324, 300, 122, 299, 154), (False, False, True))
((108, 49, 99, 324, 300, 122, 299, 154), (False, False, True))
((70, 45, 101, 324, 265, 100, 226, 122), (False, False, True))
((70, 45, 101, 324, 265, 100, 226, 122), (False, False, True))
((56, 38, 89, 282, 164, 96, 207, 113), (False, False, False))
((56, 38, 89, 282, 164, 96, 207, 113), (False, False, False))
((51, 49, 118, 238, 211, 95, 200, 87), (False, False, False))
((51, 49, 118, 238, 211, 95, 200, 87), (False, False, False))
((46, 50, 117, 225, 256, 94, 190, 69), (False, False, False))
((46, 50, 117, 225, 256, 94, 190, 69), (False, False, False))
((39, 52, 115, 227, 255, 74, 93, 47), (False, False, False))
((39, 52, 115, 227, 255, 74, 93, 47), (False, False, False))
((36, 51, 115, 216, 261, 76, 90, 42), (False, False, False))
((36, 51, 115, 216, 261, 76, 90, 42), (False, False, False))
((38, 53, 118, 211, 271, 79, 96, 40), (False, False, False))
((38, 53, 118, 211, 271, 79, 96, 40), (False, False, False))
((33, 44, 87, 176, 209, 79, 102, 62), (False, False, False))
((33, 44, 87, 176, 209, 79, 102, 62), (False, False, False))
((51, 43, 90, 204, 203, 76, 117, 74), (False, False, False))
((51, 43, 90, 204, 203, 76, 117, 74), (False, False, False))
((51, 40, 91, 194, 205, 77, 111, 80), (False, False, False))
((51, 40, 91, 194, 205, 77, 111, 80), (False, False, False))
((108, 42, 89, 197, 210, 76, 106, 100), (False, False, False))
((108, 42, 89, 197, 210, 76, 106, 100), (False, False, False))
((118, 40, 93, 206, 194, 118, 229, 128), (False, False, False))
((118, 40, 93, 206, 194, 118, 229, 128), (False, False, False))
((122, 37, 87, 192, 193, 136, 243, 119), (False, False, False))
((122, 37, 87, 192, 193, 136, 243, 119), (False, False, False))
((132, 38, 89, 181, 151, 140, 240, 142), (False, False, False))
((132, 38, 89, 181, 151, 140, 240, 142), (False, False, False))
((138, 37, 82, 168, 141, 144, 240, 147), (False, False, False))
((138, 37, 82, 168, 141, 144, 240, 147), (False, False, False))
((128, 38, 89, 214, 138, 145, 248, 140), (False, False, False))
((128, 38, 89, 214, 138, 145, 248, 140), (False, False, True))
((121, 39, 85, 201, 142, 110, 144, 128), (False, False, True))
((121, 39, 85, 201, 142, 110, 144, 128), (False, False, True))
((152, 46, 90, 236, 179, 87, 115, 171), (False, False, True))
((152, 46, 90, 236, 179, 87, 115, 171), (False, False, True))
((206, 105, 91, 251, 183, 83, 110, 263), (False, False, False))
((206, 105, 91, 251, 183, 83, 110, 263), (False, False, False))
((220, 117, 91, 276, 240, 89, 107, 287), (False, False, False))
((220, 117, 91, 276, 240, 89, 107, 287), (False, False, False))
((232, 119, 86, 272, 295, 85, 87, 298), (False, False, False))
((232, 119, 86, 272, 295, 85, 87, 298), (False, False, False))
((240, 130, 92, 297, 360, 85, 75, 311), (True, False, False))
((240, 130, 92, 297, 360, 85, 75, 311), (True, False, False))
((234, 133, 97, 288, 382, 93, 83, 315), (True, False, False))
((234, 133, 97, 288, 382, 93, 83, 315), (True, False, False))
((260, 129, 92, 312, 416, 102, 283, 452), (True, False, False))
((260, 129, 92, 312, 416, 102, 283, 452), (True, False, False))
((284, 157, 92, 431, 512, 198, 325, 534), (True, False, False))
((284, 157, 92, 431, 512, 198, 325, 534), (True, False, False))
((372, 186, 111, 664, 587, 213, 437, 748), (True, False, False))
((372, 186, 111, 664, 587, 213, 437, 748), (True, False, False))
((411, 200, 113, 786, 593, 343, 492, 827), (True, False, False))
((411, 200, 113, 786, 593, 343, 492, 827), (True, False, False))
((560, 212, 108, 826, 627, 398, 526, 1002), (True, False, False))
((560, 212, 108, 826, 627, 398, 526, 1002), (True, False, False))
((587, 199, 107, 864, 635, 486, 482, 1042), (True, False, False))
((587, 199, 107, 864, 635, 486, 482, 1042), (True, False, False))
((607, 172, 106, 905, 566, 552, 515, 1033), (True, False, False))
((607, 172, 106, 905, 566, 552, 515, 1033), (True, False, False))
((553, 151, 112, 872, 562, 564, 453, 927), (True, False, False))
((553, 151, 112, 872, 562, 564, 453, 927), (True, False, False))
((691, 142, 112, 845, 529, 509, 401, 1015), (True, False, False))
((691, 142, 112, 845, 529, 509, 401, 1015), (True, False, False))
((610, 123, 111, 858, 476, 494, 370, 919), (True, False, False))
((610, 123, 111, 858, 476, 494, 370, 919), (True, False, False))
((575, 123, 114, 938, 514, 451, 380, 832), (True, False, False))
((575, 123, 114, 938, 514, 451, 380, 832), (True, False, False))
((575, 123, 114, 938, 514, 451, 380, 832), (True, False, False))
((582, 130, 130, 938, 560, 392, 369, 916), (True, False, False))
((582, 130, 130, 938, 560, 392, 369, 916), (True, False, False))
((581, 116, 120, 931, 543, 427, 386, 955), (True, False, False))
((581, 116, 120, 931, 543, 427, 386, 955), (True, False, False))
((377, 104, 117, 866, 573, 455, 379, 866), (True, False, False))
((377, 104, 117, 866, 573, 455, 379, 866), (True, False, False))
((322, 107, 123, 855, 598, 436, 381, 804), (True, False, False))
((322, 107, 123, 855, 598, 436, 381, 804), (True, False, False))
((311, 115, 137, 903, 599, 403, 386, 802), (True, False, False))
((311, 115, 137, 903, 599, 403, 386, 802), (True, False, False))
((261, 120, 142, 958, 554, 404, 324, 822), (True, False, False))
((261, 120, 142, 958, 554, 404, 324, 822), (True, False, False))
((288, 127, 146, 864, 473, 386, 333, 764), (True, False, False))
((288, 127, 146, 864, 473, 386, 333, 764), (True, False, False))
((299, 122, 142, 876, 474, 366, 412, 707), (True, False, False))
((299, 122, 142, 876, 474, 366, 412, 707), (True, False, False))
((307, 117, 144, 923, 567, 362, 427, 689), (True, False, False))
((307, 117, 144, 923, 567, 362, 427, 689), (True, False, False))
((282, 102, 134, 784, 523, 358, 387, 702), (True, False, False))
((282, 102, 134, 784, 523, 358, 387, 702), (True, False, False))
((246, 88, 121, 680, 576, 301, 382, 569), (True, False, False))
((246, 88, 121, 680, 576, 301, 382, 569), (True, False, False))
((227, 77, 105, 678, 585, 398, 403, 623), (True, False, False))
((227, 77, 105, 678, 585, 398, 403, 623), (True, False, False))
((233, 76, 113, 682, 555, 386, 359, 654), (True, False, False))
((233, 76, 113, 682, 555, 386, 359, 654), (True, False, False))
((218, 80, 112, 621, 435, 393, 332, 703), (True, False, False))
((218, 80, 112, 621, 435, 393, 332, 703), (True, False, False))
((223, 83, 113, 690, 456, 400, 327, 663), (True, False, False))
((223, 83, 113, 690, 456, 400, 327, 663), (True, False, False))
((239, 83, 112, 659, 350, 415, 329, 621), (True, False, False))
((239, 83, 112, 659, 350, 415, 329, 621), (True, False, False))
((233, 90, 116, 673, 362, 382, 314, 608), (True, False, False))
((233, 90, 116, 673, 362, 382, 314, 608), (True, False, False))
((221, 87, 115, 710, 420, 430, 273, 573), (True, False, False))
((221, 87, 115, 710, 420, 430, 273, 573), (True, False, False))
((232, 89, 117, 756, 560, 434, 273, 508), (True, False, False))
((232, 89, 117, 756, 560, 434, 273, 508), (True, False, False))
((223, 84, 113, 667, 533, 428, 269, 490), (True, False, False))
((223, 84, 113, 667, 533, 428, 269, 490), (True, False, False))
((212, 80, 108, 636, 561, 404, 261, 481), (True, False, False))
((212, 80, 108, 636, 561, 404, 261, 481), (True, False, False))
((205, 77, 113, 626, 551, 317, 239, 431), (True, False, False))
((205, 77, 113, 626, 551, 317, 239, 431), (True, False, False))
((188, 85, 117, 559, 517, 237, 245, 405), (True, False, False))
((188, 85, 117, 559, 517, 237, 245, 405), (True, False, False))
((192, 76, 109, 435, 454, 216, 236, 399), (True, False, False))
((192, 76, 109, 435, 454, 216, 236, 399), (True, False, False))
((189, 76, 110, 406, 435, 204, 231, 378), (True, False, False))
((189, 76, 110, 406, 435, 204, 231, 378), (True, False, False))
((176, 72, 104, 357, 405, 197, 232, 350), (True, False, False))
((176, 72, 104, 357, 405, 197, 232, 350), (True, False, False))
((162, 59, 95, 322, 385, 163, 128, 259), (True, False, False))
((162, 59, 95, 322, 385, 163, 128, 259), (True, False, False))
((140, 47, 105, 338, 374, 134, 98, 175), (True, False, False))
((140, 47, 105, 338, 374, 134, 98, 175), (True, False, False))
((108, 43, 111, 325, 218, 97, 75, 142), (True, False, False))
((108, 43, 111, 325, 218, 97, 75, 142), (True, False, False))
((101, 42, 104, 286, 217, 87, 68, 113), (True, False, False))
((101, 42, 104, 286, 217, 87, 68, 113), (True, False, False))
((92, 42, 110, 274, 199, 80, 56, 93), (True, False, False))
((92, 42, 110, 274, 199, 80, 56, 93), (True, False, False))
((85, 40, 103, 269, 196, 76, 43, 83), (True, False, False))
((85, 40, 103, 269, 196, 76, 43, 83), (True, False, False))
((83, 32, 76, 202, 157, 60, 39, 75), (True, False, False))
((83, 32, 76, 202, 157, 60, 39, 75), (True, False, False))
((42, 33, 67, 150, 168, 60, 38, 56), (True, False, False))
((42, 33, 67, 150, 168, 60, 38, 56), (True, False, False))
((42, 33, 67, 150, 168, 60, 38, 56), (False, False, False))
((31, 33, 67, 164, 167, 53, 39, 43), (False, False, False))
((31, 33, 67, 164, 167, 53, 39, 43), (False, False, False))
((32, 42, 82, 218, 389, 55, 34, 35), (False, False, False))
((32, 42, 82, 218, 389, 55, 34, 35), (False, False, False))
((32, 45, 92, 220, 446, 59, 37, 30), (False, False, False))
((32, 45, 92, 220, 446, 59, 37, 30), (False, False, False))
((29, 46, 101, 232, 452, 61, 39, 28), (False, False, False))
((29, 46, 101, 232, 452, 61, 39, 28), (False, False, False))
((27, 47, 96, 236, 454, 61, 40, 27), (False, False, False))
((27, 47, 96, 236, 454, 61, 40, 27), (False, False, False))
((27, 44, 102, 261, 501, 63, 38, 27), (False, False, False))
((27, 44, 102, 261, 501, 63, 38, 27), (False, False, False))
((26, 44, 95, 229, 401, 57, 37, 29), (False, False, False))
((26, 44, 95, 229, 401, 57, 37, 29), (False, False, False))
((23, 42, 100, 213, 364, 51, 37, 28), (False, False, False))
((23, 42, 100, 213, 364, 51, 37, 28), (False, False, False))
((24, 43, 124, 219, 369, 53, 38, 27), (False, False, False))
((24, 43, 124, 219, 369, 53, 38, 27), (False, False, True))
((26, 43, 132, 239, 375, 59, 39, 30), (False, False, True))
((26, 43, 132, 239, 375, 59, 39, 30), (False, False, True))
((30, 56, 132, 236, 355, 64, 50, 32), (False, False, True))
((30, 56, 132, 236, 355, 64, 50, 32), (False, False, False))
((35, 56, 139, 250, 376, 71, 54, 34), (False, False, False))
((35, 56, 139, 250, 376, 71, 54, 34), (False, True, False))
((35, 57, 134, 262, 366, 74, 52, 36), (False, True, False))
((35, 57, 134, 262, 366, 74, 52, 36), (False, True, False))
((35, 55, 108, 256, 380, 73, 51, 36), (False, True, False))
((35, 55, 108, 256, 380, 73, 51, 36), (False, True, False))
((36, 54, 101, 236, 368, 67, 67, 34), (False, True, False))
((36, 54, 101, 236, 368, 67, 67, 34), (False, True, False))
((34, 45, 96, 208, 316, 62, 74, 32), (False, True, False))
((34, 45, 96, 208, 316, 62, 74, 32), (False, True, False))
((30, 40, 84, 189, 246, 56, 81, 30), (False, True, False))
((30, 40, 84, 189, 246, 56, 81, 30), (False, True, False))
((34, 46, 90, 180, 238, 64, 96, 30), (False, True, False))
((34, 46, 90, 180, 238, 64, 96, 30), (False, True, False))
((35, 47, 89, 158, 193, 67, 116, 31), (False, True, False))
((35, 47, 89, 158, 193, 67, 116, 31), (False, True, False))
((34, 47, 87, 162, 188, 67, 113, 30), (False, True, False))
((34, 47, 87, 162, 188, 67, 113, 30), (False, True, False))
((36, 48, 89, 146, 212, 70, 144, 35), (False, True, False))
((36, 48, 89, 146, 212, 70, 144, 35), (False, True, False))
((39, 54, 84, 156, 214, 81, 151, 37), (False, True, False))
((39, 54, 84, 156, 214, 81, 151, 37), (False, True, False))
((38, 50, 70, 203, 208, 76, 144, 38), (False, True, False))
((38, 50, 70, 203, 208, 76, 144, 38), (False, True, False))
((36, 49, 67, 217, 200, 70, 130, 37), (False, True, False))
((36, 49, 67, 217, 200, 70, 130, 37), (False, True, False))
((36, 48, 65, 211, 190, 68, 125, 38), (False, False, True))
((36, 48, 65, 211, 190, 68, 125, 38), (False, False, False))
((32, 46, 56, 225, 195, 64, 104, 34), (False, False, False))
((32, 46, 56, 225, 195, 64, 104, 34), (False, False, False))
((30, 36, 55, 214, 166, 46, 91, 39), (False, False, True))
((30, 36, 55, 214, 166, 46, 91, 39), (False, False, True))
((33, 34, 52, 166, 146, 62, 94, 40), (False, False, True))
((33, 34, 52, 166, 146, 62, 94, 40), (False, False, True))
((77, 39, 68, 168, 145, 70, 97, 62), (False, False, False))
((77, 39, 68, 168, 145, 70, 97, 62), (False, False, False))
((84, 42, 70, 185, 140, 72, 96, 70), (False, False, False))
((84, 42, 70, 185, 140, 72, 96, 70), (False, False, False))
((89, 39, 69, 186, 91, 73, 68, 111), (True, False, False))
((89, 39, 69, 186, 91, 73, 68, 111), (True, False, False))
((92, 40, 80, 267, 137, 78, 63, 119), (True, False, False))
((92, 40, 80, 267, 137, 78, 63, 119), (True, False, False))
((106, 43, 98, 330, 153, 63, 54, 129), (True, False, False))
((106, 43, 98, 330, 153, 63, 54, 129), (True, False, False))
((97, 42, 91, 354, 204, 56, 49, 156), (True, False, False))
((97, 42, 91, 354, 204, 56, 49, 156), (True, False, False))
((168, 48, 101, 391, 312, 58, 60, 276), (True, False, False))
((168, 48, 101, 391, 312, 58, 60, 276), (True, False, False))
((186, 52, 103, 404, 318, 65, 64, 292), (True, False, False))
((186, 52, 103, 404, 318, 65, 64, 292), (True, False, False))
((205, 86, 92, 358, 307, 66, 185, 340), (True, False, False))
((205, 86, 92, 358, 307, 66, 185, 340), (True, False, False))
((204, 96, 75, 305, 305, 70, 267, 424), (True, False, False))
((204, 96, 75, 305, 305, 70, 267, 424), (True, False, False))
((225, 183, 75, 330, 307, 99, 353, 458), (True, False, False))
((225, 183, 75, 330, 307, 99, 353, 458), (True, False, False))
((191, 208, 65, 294, 247, 156, 373, 435), (True, False, False))
((191, 208, 65, 294, 247, 156, 373, 435), (True, False, False))
((190, 214, 66, 305, 291, 182, 390, 430), (True, False, False))
((190, 214, 66, 305, 291, 182, 390, 430), (True, False, False))
((272, 228, 82, 341, 309, 212, 500, 479), (True, False, False))
((272, 228, 82, 341, 309, 212, 500, 479), (True, False, False))
((333, 290, 110, 412, 318, 276, 516, 561), (True, False, False))
((333, 290, 110, 412, 318, 276, 516, 561), (True, False, False))
((339, 264, 121, 455, 301, 275, 490, 592), (True, False, False))
((339, 264, 121, 455, 301, 275, 490, 592), (True, False, False))
((341, 248, 118, 461, 331, 428, 543, 610), (True, False, False))
((341, 248, 118, 461, 331, 428, 543, 610), (True, False, False))
((341, 248, 128, 569, 539, 437, 585, 700), (True, False, False))
((341, 248, 128, 569, 539, 437, 585, 700), (True, False, False))
((310, 247, 129, 740, 717, 509, 505, 748), (True, False, False))
((310, 247, 129, 740, 717, 509, 505, 748), (True, False, False))
((325, 196, 115, 792, 773, 524, 507, 791), (True, False, False))
((325, 196, 115, 792, 773, 524, 507, 791), (True, False, False))
((324, 181, 105, 833, 812, 532, 494, 778), (True, False, False))
((324, 181, 105, 833, 812, 532, 494, 778), (True, False, False))
((324, 178, 113, 872, 800, 427, 443, 803), (True, False, False))
((324, 178, 113, 872, 800, 427, 443, 803), (True, False, False))
((320, 175, 110, 889, 700, 436, 477, 751), (True, False, False))
((320, 175, 110, 889, 700, 436, 477, 751), (True, False, False))
((311, 154, 111, 769, 564, 379, 444, 737), (True, False, False))
((311, 154, 111, 769, 564, 379, 444, 737), (True, False, False))
((311, 154, 111, 769, 564, 379, 444, 737), (True, False, False))
((296, 169, 113, 756, 494, 365, 398, 597), (True, False, False))
((296, 169, 113, 756, 494, 365, 398, 597), (True, False, False))
((300, 162, 118, 698, 449, 461, 420, 600), (True, False, False))
((300, 162, 118, 698, 449, 461, 420, 600), (True, False, False))
((299, 162, 122, 698, 526, 519, 452, 597), (True, False, False))
((299, 162, 122, 698, 526, 519, 452, 597), (True, False, False))
((300, 158, 116, 614, 503, 508, 369, 611), (True, False, False))
((300, 158, 116, 614, 503, 508, 369, 611), (True, False, False))
((290, 155, 109, 595, 461, 612, 419, 657), (True, False, False))
((290, 155, 109, 595, 461, 612, 419, 657), (True, False, False))
((236, 124, 105, 509, 448, 600, 441, 665), (True, False, False))
((236, 124, 105, 509, 448, 600, 441, 665), (True, False, False))
((213, 116, 106, 467, 430, 531, 412, 657), (True, False, False))
((213, 116, 106, 467, 430, 531, 412, 657), (True, False, False))
((226, 115, 95, 493, 408, 477, 373, 642), (True, False, False))
((226, 115, 95, 493, 408, 477, 373, 642), (True, False, False))
((220, 114, 99, 552, 412, 471, 347, 642), (True, False, False))
((220, 114, 99, 552, 412, 471, 347, 642), (True, False, False))
((205, 103, 93, 547, 415, 343, 309, 488), (True, False, False))
((205, 103, 93, 547, 415, 343, 309, 488), (True, False, False))
((194, 99, 113, 565, 441, 332, 344, 521), (True, False, False))
((194, 99, 113, 565, 441, 332, 344, 521), (True, False, False))
((198, 111, 117, 603, 482, 431, 359, 522), (True, False, False))
((198, 111, 117, 603, 482, 431, 359, 522), (True, False, False))
((186, 109, 130, 610, 462, 419, 344, 467), (True, False, False))
((186, 109, 130, 610, 462, 419, 344, 467), (True, False, False))
((194, 115, 143, 620, 427, 424, 343, 427), (True, False, False))
((194, 115, 143, 620, 427, 424, 343, 427), (True, False, False))
((211, 113, 147, 621, 406, 371, 314, 464), (True, False, False))
((211, 113, 147, 621, 406, 371, 314, 464), (True, False, False))
((204, 92, 149, 609, 435, 428, 256, 409), (True, False, False))
((204, 92, 149, 609, 435, 428, 256, 409), (True, False, False))
((186, 83, 151, 608, 459, 402, 231, 355), (True, False, False))
((186, 83, 151, 608, 459, 402, 231, 355), (True, False, False))
((175, 82, 145, 587, 453, 403, 217, 361), (True, False, False))
((175, 82, 145, 587, 453, 403, 217, 361), (True, False, False))
((168, 77, 145, 499, 479, 412, 214, 390), (True, False, False))
((168, 77, 145, 499, 479, 412, 214, 390), (False, False, False))
((126, 78, 145, 499, 483, 412, 201, 349), (False, False, False))
((126, 78, 145, 499, 483, 412, 201, 349), (False, False, False))
((115, 65, 123, 494, 427, 336, 131, 320), (False, False, False))
((115, 65, 123, 494, 427, 336, 131, 320), (True, False, False))
((106, 55, 110, 453, 353, 217, 104, 310), (True, False, False))
((106, 55, 110, 453, 353, 217, 104, 310), (True, False, False))
((90, 52, 100, 344, 285, 181, 88, 285), (True, False, False))
((90, 52, 100, 344, 285, 181, 88, 285), (True, False, False))
((103, 44, 71, 323, 243, 120, 60, 199), (True, False, False))
((103, 44, 71, 323, 243, 120, 60, 199), (True, False, False))
((93, 51, 94, 297, 215, 93, 56, 167), (True, False, False))
((93, 51, 94, 297, 215, 93, 56, 167), (True, False, False))
((91, 47, 91, 284, 269, 70, 41, 144), (True, False, False))
((91, 47, 91, 284, 269, 70, 41, 144), (True, False, False))
((92, 50, 93, 258, 248, 53, 37, 136), (True, False, False))
((92, 50, 93, 258, 248, 53, 37, 136), (True, False, False))
((89, 46, 106, 273, 246, 48, 32, 118), (True, False, False))
((89, 46, 106, 273, 246, 48, 32, 118), (True, False, False))
((60, 48, 108, 257, 241, 44, 34, 105), (True, False, False))
((60, 48, 108, 257, 241, 44, 34, 105), (True, False, False))
((51, 40, 82, 285, 242, 44, 32, 122), (True, False, False))
((51, 40, 82, 285, 242, 44, 32, 122), (True, False, False))
((48, 42, 94, 300, 267, 53, 34, 123), (True, False, False))
((48, 42, 94, 300, 267, 53, 34, 123), (False, False, False))
((37, 39, 91, 310, 275, 55, 34, 119), (False, False, False))
((37, 39, 91, 310, 275, 55, 34, 119), (False, False, False))
((37, 40, 77, 306, 283, 56, 34, 118), (False, False, False))
((37, 40, 77, 306, 283, 56, 34, 118), (False, False, False))
((32, 42, 80, 301, 342, 54, 34, 91), (False, False, False))
((32, 42, 80, 301, 342, 54, 34, 91), (False, False, False))
((28, 39, 86, 277, 353, 55, 32, 56), (False, False, False))
((28, 39, 86, 277, 353, 55, 32, 56), (False, False, False))
((27, 40, 72, 230, 302, 44, 30, 47), (False, False, False))
((27, 40, 72, 230, 302, 44, 30, 47), (False, False, False))
((27, 40, 72, 230, 302, 44, 30, 47), (False, False, False))
((26, 40, 83, 233, 293, 42, 28, 42), (False, True, False))
((26, 40, 83, 233, 293, 42, 28, 42), (False, True, False))
((27, 41, 85, 234, 274, 40, 30, 35), (False, True, False))
((27, 41, 85, 234, 274, 40, 30, 35), (False, True, False))
((26, 39, 89, 234, 195, 40, 29, 31), (False, True, False))
((26, 39, 89, 234, 195, 40, 29, 31), (False, True, False))
((29, 39, 94, 228, 199, 36, 30, 27), (False, True, False))
((29, 39, 94, 228, 199, 36, 30, 27), (False, True, False))
((29, 38, 101, 243, 214, 36, 28, 26), (False, True, False))
((29, 38, 101, 243, 214, 36, 28, 26), (False, True, False))
((30, 39, 105, 249, 208, 36, 28, 26), (False, True, False))
((30, 39, 105, 249, 208, 36, 28, 26), (False, True, False))
((32, 41, 109, 243, 201, 37, 28, 26), (False, True, False))
((32, 41, 109, 243, 201, 37, 28, 26), (False, True, False))
((32, 42, 104, 237, 200, 44, 31, 26), (False, True, False))
((32, 42, 104, 237, 200, 44, 31, 26), (False, True, False))
((30, 43, 108, 234, 212, 50, 31, 28), (False, True, False))
((30, 43, 108, 234, 212, 50, 31, 28), (False, True, False))
((30, 43, 109, 232, 209, 60, 32, 28), (False, True, False))
((30, 43, 109, 232, 209, 60, 32, 28), (False, True, False))
((31, 42, 105, 217, 218, 67, 62, 30), (False, True, False))
((31, 42, 105, 217, 218, 67, 62, 30), (False, True, False))
((34, 46, 105, 236, 235, 72, 68, 33), (False, True, False))
((34, 46, 105, 236, 235, 72, 68, 33), (False, True, False))
((36, 54, 131, 238, 236, 73, 70, 33), (False, True, False))
((36, 54, 131, 238, 236, 73, 70, 33), (False, True, False))
((36, 54, 131, 238, 236, 73, 70, 33), (False, True, False))
((39, 55, 131, 268, 198, 75, 112, 39), (False, True, False))
((39, 55, 131, 268, 198, 75, 112, 39), (False, True, False))
((38, 55, 132, 278, 240, 69, 117, 40), (False, True, False))
